LA Animal Services - East Valley,https://www.laanimalservices.com,34.194434,-118.446066,"14409 Vanowen St, Van Nuys, CA 91405"
LA Animal Services - West Valley,https://www.laanimalservices.com,34.243451,-118.583700,"20655 Plummer St, Chatsworth, CA 91311"
LA Animal Services - West LA,https://www.laanimalservices.com,34.034781,-118.440449,"11361 W Pico Blvd, Los Angeles, CA 90064"
LA Animal Services - South LA,https://www.laanimalservices.com,33.984838,-118.310955,"1850 W 60th St, Los Angeles, CA 90047"
LA Animal Services - North Central,https://www.laanimalservices.com,34.083240,-118.219411,"3201 Lacy St, Los Angeles, CA 90031"
LA Animal Services - Harbor,https://www.laanimalservices.com,33.752007,-118.293956,"957 N Gaffey St, San Pedro, CA 90731"
San Francisco Animal Care & Control,https://www.sf.gov/departments/city-administrator/animal-care-and-control,37.763420,-122.409380,"1419 Bryant St, San Francisco, CA 94103"
San Jose Animal Care Center,https://www.sanjoseca.gov/your-government/departments-offices/animal-care-services,37.348610,-121.808720,"2750 Monterey Rd, San Jose, CA 95111"
San Diego Humane Society - San Diego Campus,https://www.sdhumane.org,32.766780,-117.181280,"5500 Gaines St, San Diego, CA 92110"
San Diego Humane Society - Oceanside Campus,https://www.sdhumane.org,33.224150,-117.332850,"2905 San Luis Rey Rd, Oceanside, CA 92058"
San Diego Humane Society - Escondido Campus,https://www.sdhumane.org,33.129320,-117.098850,"3450 E Valley Pkwy, Escondido, CA 92027"
City of Sacramento Front Street Animal Shelter,https://www.cityofsacramento.gov/community-development/animal-care,38.567080,-121.507420,"2127 Front St, Sacramento, CA 95818"
Sacramento County Animal Care and Regulation,https://animalcare.saccounty.gov,38.558230,-121.328910,"3839 Bradshaw Rd, Sacramento, CA 95827"
Fresno Humane Animal Services,https://www.fresnohumane.org,36.702410,-119.816040,"760 W Nielsen Ave, Fresno, CA 93706"
OC Animal Care,https://animalcare.oc.gov,33.708890,-117.822830,"1630 Victory Rd, Tustin, CA 92782"
Pasadena Humane,https://pasadenahumane.org,34.141520,-118.148560,"361 S Raymond Ave, Pasadena, CA 91105"
Long Beach Animal Care Services,https://www.longbeach.gov/acs,33.808620,-118.125190,"7700 E Spring St, Long Beach, CA 90815"
Inland Valley Humane Society,https://www.ivhsspca.org,34.053180,-117.766340,"500 Humane Way, Pomona, CA 91766"
Oakland Animal Services,https://www.oaklandanimalservices.org,37.764510,-122.215890,"1101 29th Ave, Oakland, CA 94601"
Contra Costa County Animal Services,https://www.contracosta.ca.gov/418/Animal-Services,37.971210,-122.062830,"4800 Imhoff Pl, Martinez, CA 94553"

The Animal Foundation (Las Vegas / Clark Co.),https://animalfoundation.com,36.180230,-115.123510,"655 N Mojave Rd, Las Vegas, NV 89101"
Henderson Animal Care and Control,https://www.cityofhenderson.com/government/departments/community-development-and-services/animal-protection-services,36.008450,-115.006940,"300 E Galleria Dr, Henderson, NV 89011"
Boulder City Animal Control,https://www.bcnv.org/168/Animal-Control,35.968110,-114.821940,"200 S Nevada Hwy, Boulder City, NV 89005"
Washoe County Regional Animal Services (Reno/Sparks),https://www.washoecounty.gov/animal,39.539820,-119.728950,"2825 Longley Ln, Reno, NV 89502"
Carson City Animal Services,https://www.carson.org/government/departments-a-m/animal-services,39.141870,-119.743120,"549 Airport Rd, Carson City, NV 89701"
Douglas County Animal Services,https://communityservices.douglascountynv.gov/animal_services,38.966420,-119.734890,"921 Dump Rd, Gardnerville, NV 89410"
Lyon County Animal Services,https://www.lyon-county.org/168/Animal-Services,39.231250,-119.576820,"3705 Highway 50, Silver Springs, NV 89429"
Churchill County Animal Control,https://www.churchillcountynv.gov/112/Animal-Control,39.467820,-118.784530,"1108 S Maine St, Fallon, NV 89406"
Elko Animal Shelter,https://www.elkocity.com/departments/animal_shelter,40.838910,-115.753820,"2210 College Pkwy, Elko, NV 89801"
Nye County Animal Shelter (Pahrump),https://www.nyecounty.net/135/Animal-Control,36.218520,-115.986840,"1510 Siri Ln, Pahrump, NV 89060"

Humboldt County Animal Shelter,https://www.humboldtcountynv.gov/160/Animal-Control,40.963410,-117.723910,"810 Fairgrounds Rd, Winnemucca, NV 89445"
Maricopa County Animal Care and Control - West Valley Shelter,https://www.maricopa.gov/pets,33.421680,-112.115820,"2500 S 27th Ave, Phoenix, AZ 85009"
Arizona Humane Society - Rob & Melani Walton Papago Park Campus,https://www.azhumane.org,33.450120,-111.962540,"5501 E Van Buren St, Phoenix, AZ 85008"
Pima Animal Care Center,https://www.pima.gov/animalcare,32.282510,-111.031420,"4000 N Silverbell Rd, Tucson, AZ 85745"
Humane Society of Southern Arizona,https://hssaz.org,32.266240,-110.981890,"635 W Roger Rd, Tucson, AZ 85705"
Pinal County Animal Care and Control,https://www.pinal.gov/452/Animal-Care-Control,32.879810,-111.536210,"1150 S Eleven Mile Corner Rd, Casa Grande, AZ 85122"
Yuma County Animal Control / Humane Society of Yuma,https://www.hsofyuma.org,32.651040,-114.643210,"4050 S Avenue 4 1/2 E, Yuma, AZ 85365"
Coconino Humane Association (Flagstaff),https://coconinohumane.org,35.215840,-111.598210,"3501 E Butler Ave, Flagstaff, AZ 86004"
High Country Humane (Flagstaff/Coconino Co.),https://highcountryhumane.org,35.182410,-111.668120,"1925 E Sawmill Rd, Flagstaff, AZ 86001"
Yavapai Humane Society,https://yavapaihumane.org,34.607120,-112.421040,"1625 Sundog Ranch Rd, Prescott, AZ 86301"
Mohave County Animal Shelter (Kingman),https://www.mohave.gov,35.228910,-114.026310,"950 Buchanan St, Kingman, AZ 86401"
Western Arizona Humane Society (Lake Havasu City),https://westernarizonahumane.org,34.498120,-114.316820,"2610 Sweetwater Ave, Lake Havasu City, AZ 86406"
Cochise County Animal Shelter (Sierra Vista Humane Society),https://sierravistahumane.org,31.541230,-110.281940,"2700 E Frida Holley Way, Sierra Vista, AZ 85635"

Gila County Animal Care & Control (Globe),https://www.gilacountyaz.gov,33.402180,-110.801240,"2725 E Hwy 70, Globe, AZ 85501"
Navajo County Animal Control / Humane Society of the White Mountains,https://www.hswm.org,34.161040,-109.962130,"3212 N Porter Mountain Rd, Lakeside, AZ 85929"
Multnomah County Animal Services,https://www.multcopets.org,45.541010,-122.388830,"1700 W Historic Columbia River Hwy, Troutdale, OR 97060"
Oregon Humane Society - Portland Campus,https://www.oregonhumane.org,45.572180,-122.654310,"1067 NE Columbia Blvd, Portland, OR 97211"
Oregon Humane Society - Salem Campus,https://www.oregonhumane.org,44.903820,-122.992810,"4246 Turner Rd SE, Salem, OR 97317"
Washington County Animal Services (Bonnie L. Hays Animal Shelter),https://www.washingtoncountyor.gov/animal-services,45.526840,-122.964210,"1901 SE 24th Ave, Hillsboro, OR 97123"
Clackamas County Dog Services,https://www.clackamas.us/dogs,45.362140,-122.583920,"13141 SE Hwy 212, Clackamas, OR 97015"
Green Hill Humane Society (Lane County / Eugene),https://www.green-hill.org,44.072890,-123.218930,"88530 Green Hill Rd, Eugene, OR 97402"
Marion County Animal Shelter,https://www.mcdogs.net,44.912830,-122.981240,"3550 Aumsville Hwy SE, Salem, OR 97317"
Jackson County Animal Care & Control,https://jacksoncountyor.gov/departments/health__human_services/animal_services,42.302180,-122.821940,"5595 S Pacific Hwy, Phoenix, OR 97535"
Humane Society of Central Oregon (Bend),https://www.hsco.org,44.028910,-121.281040,"61170 SE 27th St, Bend, OR 97702"
BrightSide Animal Center (Redmond),https://brightsideanimals.org,44.288210,-121.168920,"1355 NE Hemlock Ave, Redmond, OR 97756"
Linn County Animal Control / SafeHaven Humane Society,https://safehavenhumane.org,44.608920,-123.061040,"32220 Old Hwy 34, Tangent, OR 97389"
Benton County Animal Control / Heartland Humane Shelter,https://heartlandhumane.org,44.542810,-123.268920,"3975 SW Country Club Dr, Corvallis, OR 97333"
Klamath Animal Shelter,https://klamathanimalshelter.org,42.201840,-121.758920,"4241 Washburn Way, Klamath Falls, OR 97603"
Umatilla County Animal Control / Pioneer Humane Society,https://www.pioneerhumane-paaws.org,45.688120,-118.821040,"517 SE 3rd St, Pendleton, OR 97801"
Coos County Animal Shelter,https://www.co.coos.or.us/shelter,43.348120,-124.238910,"92960 Water Tank Ln, Coos Bay, OR 97420"

Seattle Animal Shelter,https://www.seattle.gov/animal-shelter,47.632110,-122.378930,"2061 15th Ave W, Seattle, WA 98119"
Regional Animal Services of King County (RASKC),https://kingcounty.gov/en/dept/executive-services/animals-pets-pests/regional-animal-services,47.362140,-122.253920,"21615 64th Ave S, Kent, WA 98032"
Tacoma-Pierce County Humane Society,https://www.thehumanesociety.org,47.231210,-122.481240,"2608 Center St, Tacoma, WA 98409"
Spokane County Regional Animal Protection Service (SCRAPS),https://www.spokanecounty.org/567/SCRAPS---Animal-Protection,47.658210,-117.238910,"6815 E Trent Ave, Spokane Valley, WA 99212"
Humane Society for Southwest Washington (Vancouver/Clark Co.),https://southwesthumane.org,45.648120,-122.551040,"1100 NE 192nd Ave, Vancouver, WA 98684"
Everett Animal Welfare Services,https://everettwa.gov/148/Animal-Services,47.962140,-122.181240,"333 Smith Island Rd, Everett, WA 98201"
Kitsap Humane Society,https://www.kitsap-humane.org,47.638120,-122.681940,"9167 Dickey Rd NW, Silverdale, WA 98383"
Yakima Humane Society,https://yakimahumane.org,46.582140,-120.528920,"106 S 6th Ave, Yakima, WA 98802"
Benton-Franklin Humane Society (Tri-Cities),https://www.bfhs.com,46.218910,-119.121040,"1736 E 7th Ave, Kennewick, WA 99337"
Whatcom Humane Society,https://whatcomhumane.org,48.751240,-122.448920,"2172 Division St, Bellingham, WA 98226"
Olympic Peninsula Humane Society (Port Angeles),https://ophumanesociety.org,48.102140,-123.388910,"1743 Old Olympic Hwy, Port Angeles, WA 98362"
Thurston County Animal Services / Joint Animal Services (Olympia),https://jointanimalservices.org,47.018920,-122.881240,"3120 Martin Way E, Olympia, WA 98506"
Grant County Animal Outreach (Moses Lake),https://www.grantcountyanimaloutreach.org,47.128910,-119.261040,"6725 Randolph Rd NE, Moses Lake, WA 98837"
Wenatchee Valley Humane Society,https://www.wenatcheehumane.org,47.412140,-120.301940,"1474 S Wenatchee Ave, Wenatchee, WA 98801"

Idaho Humane Society - Dorman Campus,https://idahohumanesociety.org,43.582140,-116.228910,"4775 W Dorman St, Boise, ID 83705"
Idaho Humane Society - Overland Campus,https://idahohumanesociety.org,43.591020,-116.341240,"1300 S Bird St, Boise, ID 83709"
West Valley Humane Society (Caldwell / Canyon Co.),https://westvalleyhumanesociety.org,43.682140,-116.661040,"14580 Hwy 55, Caldwell, ID 83607"
Kootenai Humane Society / Companions Animal Center (Coeur d'Alene),https://www.companionsanimalcenter.org,47.741240,-116.828910,"10275 N Atlas Rd, Hayden, ID 83835"
Pocatello Animal Services,https://www.pocatello.gov/152/Animal-Services,42.882140,-112.441040,"2900 Upper Ross Park Rd, Pocatello, ID 83204"
Snake River Animal Shelter (Idaho Falls),https://www.snakeriveranimalshelter.org,43.528910,-112.061040,"3000 Lindsay Blvd, Idaho Falls, ID 83402"
Bonneville County Animal Shelter / Idaho Falls Animal Services,https://www.idahofallsidaho.gov/220/Animal-Services,43.488120,-112.028910,"2450 Hemmert Ave, Idaho Falls, ID 83401"
Twin Falls Animal Shelter,https://twinfallsanimalshelter.com,42.548120,-114.481240,"420 Victory Ave, Twin Falls, ID 83301"
Mountain Home Animal Shelter,https://www.mountain-home.org/animal-shelter,43.131240,-115.708910,"2800 Skywarrior Way, Mountain Home, ID 83647"
Panhandle Animal Shelter / Better Together Animal Alliance (Sandpoint),https://bettertogetheranimalalliance.org,48.288120,-116.561040,"870 Kootenai Cutoff Rd, Ponderay, ID 83852"
Humane Society of the Upper Valley (Rexburg),https://hsuv.org,43.831240,-111.788910,"2100 Highway 20, Rexburg, ID 83440"
Bingham County Animal Shelter (Blackfoot),https://www.binghamid.gov,43.188120,-112.331240,"1280 Sunset Dr, Blackfoot, ID 83221"

Salt Lake County Animal Services,https://slco.org/animal-services,40.718910,-111.912410,"511 W 3900 S, Salt Lake City, UT 84123"
Humane Society of Utah (Murray),https://www.utahhumane.org,40.672140,-111.898120,"4242 S 300 W, Murray, UT 84107"
West Valley City Animal Services,https://www.wvc-ut.gov/15/Animal-Services,40.691240,-111.988910,"4522 W 3500 S, West Valley City, UT 84120"
Davis County Animal Care and Control,https://www.daviscountyutah.gov/animalcare,40.988120,-111.881240,"1422 E 600 N, Fruit Heights, UT 84037"
Weber County Animal Shelter,https://www.webercountyutah.gov/Animal_Shelter,41.228910,-111.961040,"1373 N 750 W, Ogden, UT 84404"
Utah County Animal Shelter / South Utah Valley Animal Services,https://suvas.org,40.161240,-111.628910,"582 W 3000 N, Spanish Fork, UT 84660"
North Utah Valley Animal Services (Lindon),https://nuvas.org,40.341240,-111.721040,"195 N Geneva Rd, Lindon, UT 84042"
Cache Humane Society (Logan),https://cachehumane.org,41.761240,-111.848910,"2370 W 200 N, Logan, UT 84321"
South Salt Lake Animal Services,https://sslc.gov/162/Animal-Services,40.711240,-111.891040,"2274 S 600 W, South Salt Lake, UT 84115"
Tooele City Animal shelter,https://tooelecity.gov/departments/police/animal_control.php,40.528910,-112.301240,"1182 N 80 E, Tooele, UT 84074"
Washington County Animal Shelter / RSQ Doctors (St. George),https://rsqdogsutah.org,37.188120,-113.331240,"1838 W 1020 N, Hurricane, UT 84737"
City of St. George Animal Shelter,https://www.sgcity.org/animalshelter,37.081240,-113.568910,"605 E Waterworks Dr, St. George, UT 84770"
Iron County Animal Shelter (Cedar City),https://www.cedarcity.org/110/Animal-Control,37.691240,-113.061040,"1281 N Airport Rd, Cedar City, UT 84721"
Uintah County Animal Control (Vernal),https://www.uintah.utah.gov,40.448120,-109.521040,"1460 E 330 S, Vernal, UT 84078"

City of Albuquerque Animal Welfare - Eastside Shelter,https://www.cabq.gov/pets,35.071240,-106.551040,"8920 Lomas Blvd NE, Albuquerque, NM 87112"
City of Albuquerque Animal Welfare - Westside Shelter,https://www.cabq.gov/pets,35.138120,-106.728910,"11800 Sunset Gardens Rd SW, Albuquerque, NM 87121"
Bernalillo County Animal Care Services,https://www.bernco.gov/animal-care-services,35.012140,-106.681240,"3001 Second St SW, Albuquerque, NM 87105"
Santa Fe Animal Shelter & Humane Society,https://sfhumanesociety.org,35.618910,-106.041240,"100 Caja Del Rio Rd, Santa Fe, NM 87507"
Doña Ana County Animal Control / ACTion Programs for Animals (Las Cruces),https://actionprogramsforanimals.org,32.321240,-106.788910,"537 N Solano Dr, Las Cruces, NM 88001"
Animal Services Center of the Mesilla Valley (Las Cruces),https://asc-mv.org,32.358120,-106.751040,"3551 Bataan Memorial W, Las Cruces, NM 88012"
Rio Rancho Animal Control & Shelter,https://rrnm.gov/221/Animal-Control,35.241240,-106.688910,"3441 Northern Blvd NE, Rio Rancho, NM 87144"
Roswell Humane Society,https://www.roswellhumane.org,33.361240,-104.538910,"703 E McGaffey St, Roswell, NM 88203"
Farmington Animal Shelter / San Juan Animal League,https://sanjuananimalleague.org,36.738120,-108.211040,"1213 Farmington Ave, Farmington, NM 87401"
City of Farmington Animal Shelter,https://www.fmtn.org/157/Animal-Shelter,36.751240,-108.188910,"1701 N Browning Pkwy, Farmington, NM 87401"
Clovis Animal Shelter,https://www.cityofclovis.org/animal-control,34.411240,-103.181040,"2203 N Main St, Clovis, NM 88101"
Hobbs Animal Adoption Center,https://www.hobbsnm.org/animal_adoption.html,32.712140,-103.141240,"700 N Grimes St, Hobbs, NM 88240"
Otero County Animal Control / Alamogordo Animal Control,https://www.alamogordonm.gov/162/Animal-Control,32.881240,-105.948910,"2901 St Charles Ave, Alamogordo, NM 88310"
Gallup Humane Society,https://galluphumanesociety.today,35.518910,-108.721040,"2105 E Aztec Ave, Gallup, NM 87301"
Valencia County Animal Control (Los Lunas),https://www.valenciacountynm.gov/148/Animal-Control,34.811240,-106.741040,"1209 Highway 314, Los Lunas, NM 87031"

Denver Animal Protection / Denver Animal Shelter,https://www.denvergov.org/animalshelter,39.721450,-104.996120,"1241 W Bayaud Ave, Denver, CO 80223"
Dumb Friends League - Leslie A. Malone Center (Denver),https://www.ddfl.org,39.678120,-104.901240,"2080 S Quebec St, Denver, CO 80231"
Dumb Friends League - Buddy Center (Castle Rock),https://www.ddfl.org,39.361240,-104.851040,"4556 Castleton Ct, Castle Rock, CO 80109"
Humane Society of the Pikes Peak Region (Colorado Springs),https://www.hsppr.org,38.828910,-104.791040,"610 Abbot Ln, Colorado Springs, CO 80905"
Humane Society of the Pikes Peak Region (Pueblo),https://www.hsppr.org,38.251240,-104.608910,"4600 E 4th St, Pueblo, CO 81001"
Larimer Humane Society (Fort Collins / Loveland),https://www.larimerhumane.org,40.481240,-105.011040,"3501 E 71st St, Loveland, CO 80538"
Foothills Animal Shelter (Golden / Jefferson Co.),https://foothillsanimalshelter.org,39.728910,-105.161040,"580 State Hwy 58, Golden, CO 80403"
Aurora Animal Services,https://www.auroragov.org/residents/animal_services,39.741240,-104.818910,"15750 E 32nd Ave, Aurora, CO 80011"
Adams County Animal Shelter / River North Animal Shelter,https://www.adcogov.org/animal-shelter,39.911240,-104.921040,"12155 Parkkeeper Dr, Brighton, CO 80601"
Humane Society of Boulder Valley,https://www.boulderhumane.org,40.021240,-105.251040,"2323 55th St, Boulder, CO 80301"
Weld County Humane Society / Humane Society of Weld County,https://www.weldhumane.org,40.438120,-104.681240,"1830 16th St, Greeley, CO 80631"
Roaring Fork Valley Humane Society / Colorado Animal Rescue (Glenwood Springs),https://www.coloradoanimalrescue.org,39.518910,-107.281040,"2801 County Rd 114, Glenwood Springs, CO 81601"
Roice-Hurst Humane Society (Grand Junction),https://rhhumanesociety.org,39.081240,-108.521040,"362 28 Rd, Grand Junction, CO 81501"
Mesa County Animal Services,https://www.mesacounty.us/services/animal-services,39.068120,-108.511040,"971 Coffman Rd, Whitewater, CO 81527"
Longmont Humane Society,https://www.longmonthumane.org,40.141240,-105.128910,"9595 Nelson Rd, Longmont, CO 80501"

Cheyenne Animal Shelter,https://www.cheyenneanimalshelter.org,41.151240,-104.758910,"800 E Pershing Blvd, Cheyenne, WY 82001"
Casper Humane Society,https://www.casperhumane.org,42.821240,-106.281040,"849 E E St, Casper, WY 82601"
Metro Animal Care & Control (Casper / Natrona Co.),https://www.casperwy.gov/cms/one.aspx?pageId=181822,42.848120,-106.311040,"2392 E Metro Rd, Casper, WY 82601"
Animal Humane Society of Park County / City of Cody Animal Shelter,https://www.cityofcody-wy.gov/162/Animal-Control,44.518910,-109.041240,"55 Stagecoach Trail, Cody, WY 82414"
City of Gillette Animal Shelter,https://www.gillettewy.gov/city-services/animal-shelter,44.281240,-105.488910,"950 W Warlow Dr, Gillette, WY 82716"
Laramie Animal Welfare Society / City of Laramie Animal Shelter,https://www.laramieanimalshelter.org,41.311240,-105.581040,"1064 N Boulder Dr, Laramie, WY 82072"
Rock Springs Animal Control & Shelter,https://www.rswy.net/department/index.php?structureid=18,41.588120,-109.231240,"850 Lionkol Rd, Rock Springs, WY 82901"
Green River Animal Control & Shelter,https://www.cityofgreenriver.org/110/Animal-Control,41.521240,-109.461040,"1600 Riverview Dr, Green River, WY 82935"
Jackson Hole Animal Services / Animal Humane Society of Golden Valley,https://www.tetoncountywy.gov/432/Animal-Control,43.468120,-110.781240,"310 S Cache St, Jackson, WY 83001"
Sheridan County Animal Shelter,https://sheridancountyanimalshelter.org,44.781240,-106.948910,"84 E Ridge Rd, Sheridan, WY 82801"
Fremont County Animal Shelter / Lander Pet Connection,https://www.landerpetconnection.org,42.831240,-108.731040,"485 Washington St, Lander, WY 82520"
Riverton Animal Shelter,https://www.rivertonwy.gov/departments/police/animal_control.php,43.031240,-108.388910,"815 S Smith Rd, Riverton, WY 82501"

Lewis and Clark Humane Society (Helena),https://lchsmontana.org,46.608120,-112.021040,"2112 E Custer Ave, Helena, MT 59601"
Billings Animal Control / Help for NW Paws,https://www.billingsmt.gov/252/Animal-Control,45.781240,-108.511040,"1955 Bench Blvd, Billings, MT 59105"
Yegen Animal Care Center / Yellowstone Valley Animal Shelter (Billings),https://yvas.org,45.791240,-108.488910,"1735 Monad Rd, Billings, MT 59101"
Missoula Animal Control / Humane Society of Western Montana,https://myhswm.org,46.841240,-114.028910,"5930 Highway 12 W, Missoula, MT 59804"
Heart of the Valley Animal Shelter (Bozeman/Belgrade),https://www.heartofthevalleyshelter.org,45.721240,-111.161040,"1549 E Cameron Bridge Rd, Bozeman, MT 59714"
Flathead County Animal Shelter (Kalispell),https://flathead.mt.gov/department-directory/animal-shelter,48.218910,-114.301240,"225 Cemetery Rd, Kalispell, MT 59901"
Humane Society of Northwest Montana (Kalispell),https://www.humanesocietypets.com,48.201240,-114.288910,"100 Old Reserve Dr, Kalispell, MT 59901"
Great Falls Animal Shelter,https://greatfallsmt.net/animalshelter,47.518910,-111.261040,"1010 25th Ave NE, Great Falls, MT 59404"
Chelsea Bailey Butte-Silver Bow Animal Shelter,https://www.co.silverbow.mt.us/160/Animal-Shelter,45.988120,-112.521040,"699 Centennial Ave, Butte, MT 59701"
Livingston Humane Society / Stafford Animal Shelter,https://staffordanimalshelter.org,45.681240,-110.548910,"3 Business Park Rd, Livingston, MT 59047"
Bitter Root Humane Association (Hamilton),https://www.bitterroothumane.org,46.231240,-114.151040,"262 Fairgrounds Rd, Hamilton, MT 59840"
Havre Animal Shelter,https://www.havermt.gov,48.548120,-109.681240,"125 5th Ave, Havre, MT 59501"

Houston Animal Control (BARC Animal Shelter),https://www.houstontx.gov/barc,29.813050,-95.352460,"3300 Carr St, Houston, TX 77026"
Houston SPCA,https://houstonspca.org,29.771240,-95.428910,"7007 Old Katy Rd, Houston, TX 77024"
Dallas Animal Services,https://dallascityhall.com/departments/animalservices,32.753380,-96.882190,"1818 N Westmoreland Rd, Dallas, TX 75212"
SPCA of Texas - Jan Rees-Jones Animal Care Center (Dallas),https://spca.org,32.768120,-96.831040,"2400 Lone Star Dr, Dallas, TX 75212"
City of Fort Worth Animal Care and Control - Chuck Silcox Center,https://www.fortworthtexas.gov/departments/code-compliance/animals,32.681240,-97.358910,"4900 Martin St, Fort Worth, TX 76119"
Austin Animal Center,https://www.austintexas.gov/department/austin-animal-center,30.251240,-97.688910,"7201 Levander Loop, Austin, TX 78702"
Austin Humane Society,https://austinhumanesociety.org,30.341240,-97.711040,"124 W Anderson Ln, Austin, TX 78752"
San Antonio Animal Care Services,https://www.sanantonio.gov/animalcare,29.387910,-98.562310,"4710 State Highway 151, San Antonio, TX 78227"
El Paso Animal Services,https://www.elpasoanimalservices.org,31.781240,-106.388910,"5001 Fred Wilson Ave, El Paso, TX 79906"
Arlington Animal Services,https://www.arlingtontx.gov/city_services/animal_services,32.661240,-97.121040,"1000 SE Green Oaks Blvd, Arlington, TX 76018"
Plano Animal Shelter,https://www.plano.gov/203/Animal-Services,33.058120,-96.728910,"4028 W Plano Pkwy, Plano, TX 75093"
Corpus Christi Animal Care Services,https://www.cctexas.com/animalcare,27.728910,-97.438120,"2626 Holly Rd, Corpus Christi, TX 78415"
Pasadena Animal Shelter,https://www.pasadenatx.gov/152/Animal-Control,29.681240,-95.188910,"5150 Burke Rd, Pasadena, TX 77504"
McAllen Animal Care Center / Palm Valley Animal Society,https://www.pvasal.org,26.228910,-98.211040,"2451 N Expressway 281, Edinburg, TX 78541"
Lubbock Animal Services,https://ci.lubbock.tx.us/departments/animal-services,33.548120,-101.881240,"3323 SE Loop 289, Lubbock, TX 79404"
Laredo Animal Care Services,https://www.cityoflaredo.com/departments/animal-care-services,27.528910,-99.481240,"5202 Maher Ave, Laredo, TX 78041"
Amarillo Animal Management & Welfare,https://www.amarillo.gov/departments/community-services/animal-management-welfare,35.188120,-101.821040,"3501 S Osage St, Amarillo, TX 79103"

Oklahoma City Animal Welfare,https://www.okc.gov/departments/animal-welfare,35.438120,-97.581040,"2811 SE 29th St, Oklahoma City, OK 73129"
Central Oklahoma Humane Society (OKC),https://okhumane.org,35.531240,-97.528910,"7500 N Western Ave, Oklahoma City, OK 73116"
Tulsa Animal Welfare,https://www.cityoftulsa.org/government/departments/working-in-neighborhoods/animal-welfare,36.188120,-95.911040,"3031 N Erie Ave, Tulsa, OK 74115"
Tulsa SPCA,https://www.tulsaspca.org,36.198120,-96.001240,"2910 Mohawk Blvd, Tulsa, OK 74110"
Norman Animal Welfare,https://www.normanok.gov/your-government/departments/animal-welfare,35.218910,-97.411040,"3901 Jenkins Ave, Norman, OK 73072"
Broken Arrow Animal Shelter,https://www.brokenarrowok.gov/departments/animal-control,36.038120,-95.781040,"4121 E Omaha St, Broken Arrow, OK 74014"
Lawton Animal Welfare,https://www.lawtonok.gov/departments/animal-welfare,34.618910,-98.421040,"2104 SW 6th St, Lawton, OK 73501"
Edmond Animal Welfare,https://www.edmondok.gov/110/Animal-Welfare,35.631240,-97.461040,"2424 E 2nd St, Edmond, OK 73034"
Moore Animal Welfare,https://www.cityofmoore.com/departments/animal-welfare,35.338120,-97.488910,"3900 S I-35 Service Rd, Moore, OK 73160"
Enid Animal Welfare,https://www.enid.org/departments/animal-welfare,36.411240,-97.868910,"1200 N 10th St, Enid, OK 73701"
Stillwater Animal Welfare,https://stillwater.org/page/type/animal-welfare,36.128910,-97.041240,"1710 S Main St, Stillwater, OK 74074"
Midwest City Animal Welfare,https://www.midwestcityok.org/animal-welfare,35.451240,-97.388910,"7405 E Reno Ave, Midwest City, OK 73110"
Bartlesville Animal Shelter,https://www.cityofbartlesville.org/police/animal-control,36.738120,-95.961040,"101 S Virginia Ave, Bartlesville, OK 74003"
Shawnee Animal Welfare,https://www.shawneeok.org/departments/animal_welfare,35.348120,-96.911040,"201 N Delaware Ave, Shawnee, OK 74801"
Muskogee Animal Shelter,https://www.muskogeeonline.org/departments/animal_control,35.741240,-95.358910,"4002 S 24th St West, Muskogee, OK 74401"

Wichita Animal Shelter / Kansas Humane Society,https://www.kshumane.org,37.741240,-97.261040,"3313 N Hillside St, Wichita, KS 67219"
Wichita Animal Services,https://www.wichita.gov/Police/AnimalServices,37.742810,-97.262510,"3303 N Hillside St, Wichita, KS 67219"
Overland Park Animal Control / Great Plains SPCA,https://www.greatplainsspca.org,38.981240,-94.708910,"5424 Antioch Dr, Merriam, KS 66202"
Kansas City Kansas Animal Services,https://www.wycokck.org/Services/Animal-Services,39.118910,-94.651040,"3301 N 7th St Trafficway, Kansas City, KS 66115"
Topeka Animal Control / Helping Hands Humane Society,https://www.hhhs.org,39.028910,-95.731240,"2625 SW Fairlawn Rd, Topeka, KS 66614"
Lawrence Humane Society,https://lawrencehumane.org,38.961240,-95.218910,"1805 E 19th St, Lawrence, KS 66046"
Olathe Animal Control / Olathe Animal Shelter,https://www.olatheks.gov/government/police/animal-control,38.881240,-94.801240,"505 E Sunvale Dr, Olathe, KS 66061"
Shawnee Animal Control,https://www.cityofshawnee.org/departments/police/animal_control,39.012140,-94.758910,"5850 Renner Rd, Shawnee, KS 66217"
Manhattan Prairie Paws Animal Shelter,https://prairiepaws.org,39.188120,-96.581040,"2383 Tuttle Creek Blvd, Manhattan, KS 66502"
Salina Animal Services,https://www.salina-ks.gov/animalservices,38.831240,-97.608910,"840 S Muir Rd, Salina, KS 67401"
Hutchinson Animal Shelter,https://www.hutchgov.com/152/Animal-Shelter,38.048120,-97.911040,"1501 S Severance St, Hutchinson, KS 67501"
Leavenworth Animal Control / Leavenworth Animal Welfare,https://www.firstcityhumane.org,39.311240,-94.928910,"2019 S 3rd St, Leavenworth, KS 66048"
Dodge City Animal Shelter,https://www.dodgecity.org/102/Animal-Control,37.761240,-100.011040,"1202 S 14th Ave, Dodge City, KS 67801"
Garden City Animal Shelter,https://www.gardencityks.us/government/departments/police/animal-control,37.981240,-100.851040,"302 E Chestnut St, Garden City, KS 67846"

Nebraska Humane Society (Omaha / Douglas Co.),https://www.nehumanesociety.org,41.288120,-96.051040,"8929 Fort St, Omaha, NE 68134"
Capital Humane Society - Pieloch Pet Adoption Center (Lincoln),https://www.capitalhumanesociety.org,40.741240,-96.658910,"6500 S 70th St, Lincoln, NE 68516"
Capital Humane Society - Admissions & Assessment Center (Lincoln),https://www.capitalhumanesociety.org,40.831240,-96.711040,"2320 Park Blvd, Lincoln, NE 68502"
Grand Island Animal Health Center / Central Nebraska Humane Society,https://centralnebraskahumanesociety.com,40.918910,-98.361040,"1312 J St, Grand Island, NE 68801"
Kearney Area Humane Society,https://www.kearneyhumane.org,40.701240,-99.068910,"3205 US-30, Kearney, NE 68847"
Bellevue Animal Control / Town & Country Humane Society,https://townandcountryhumanesociety.org,41.131240,-95.918910,"14110 S 84th St, Papillion, NE 68046"
Fremont Area Animal Shelter,https://www.fremontanimalshelter.org,41.441240,-96.481240,"1551 E 23rd St, Fremont, NE 68025"
Hastings Animal Shelter,https://www.cityofhastings.org/departments/police/animal-control,40.598120,-98.371040,"1218 E Park St, Hastings, NE 68901"
North Platte Animal Shelter,https://www.ci.north-platte.ne.us/police/animal-control,41.128910,-100.741040,"121 North Prairie Park Rd, North Platte, NE 69101"
Panhandle Humane Society (Scottsbluff),https://www.panhandlehumanesociety.org,41.861240,-103.651040,"126 S Beltline Hwy W, Scottsbluff, NE 69361"
Norfolk Animal Control / Animal Shelter,https://norfolkne.gov/government/departments/police-division/animal-control.html,42.028910,-97.411040,"1000 E Norfolk Ave, Norfolk, NE 68701"
Columbus Animal Control & Shelter,https://www.columbusne.us/152/Animal-Control,41.431240,-97.348910,"2860 14th Ave, Columbus, NE 68601"

Fargo Animal Spring/Control / Homeward Animal Shelter,https://www.homewardonline.org,46.901240,-96.811040,"1201 28th Ave N, Fargo, ND 58102"
FM Animal Care & Control (Fargo/Moorhead),https://fargond.gov/city-government/departments/police/services/animal-control,46.878120,-96.788910,"222 4th St N, Fargo, ND 58102"
Bismarck Animal Control / Central Dakota Humane Society,https://cdhs.net,46.828910,-100.891240,"2104 Custer Park St, Mandan, ND 58554"
Bismarck Animal Advisory & Control,https://www.bismarcknd.gov/93/Animal-Control,46.808120,-100.781040,"700 S 9th St, Bismarck, ND 58504"
Grand Falls Animal Control / Circle of Friends Humane Society,https://circleoffriendsanimalshelter.org,47.931240,-97.068910,"4375 N Washington St, Grand Forks, ND 58203"
Minot Animal Control / Souris Valley Animal Shelter,https://www.svaspets.org,48.218910,-101.281040,"19201 11th Ave SE, Minot, ND 58701"
Williston Animal Control / City of Williston Animal Shelter,https://www.cityofwilliston.com/departments/police_department/animal_control.php,48.158120,-103.621040,"212 1st Ave E, Williston, ND 58801"
Dickinson Animal Control / City of Dickinson Animal Shelter,https://www.dickinsongov.com/police/page/animal-control,46.881240,-102.788910,"2585 Fairway St, Dickinson, ND 58601"
Jamestown Animal Control / Prairie Paws Rescue,https://www.prairiepawsrescue.com,46.911240,-98.708910,"205 1st St S, Jamestown, ND 58401"
Devils Lake Animal Control,https://www.www.dvlnd.com/departments/police/animal_control,48.112400,-98.861040,"222 4th St NE, Devils Lake, ND 58301"
Wahpeton Animal Control / Humane Society of Richland-Wilkin Counties,https://www.richlandwilkinhumanesociety.org,46.268120,-96.611040,"1810 11th St N, Wahpeton, ND 58075"

Sioux Falls Humane Society,https://www.sfhumanesociety.com,43.512400,-96.788910,"3720 E Benson Rd, Sioux Falls, SD 57104"
Sioux Falls Animal Control,https://www.siouxfalls.gov/health-human-services/animal-control,43.548120,-96.731040,"1320 E Benson Rd, Sioux Falls, SD 57104"
Humane Society of the Black Hills (Rapid City),https://www.hsbh.org,44.068120,-103.201240,"1820 E St Patrick St, Rapid City, SD 57701"
Aberdeen Animal Control / Humane Society of the Upper Midwest,https://www.aberdeen.sd.us/93/Animal-Control,45.461240,-98.481040,"1200 S Speer St, Aberdeen, SD 57401"
Brookings Humane Society,https://www.brookingshumane.org,44.308120,-96.781240,"120 West 2nd St S, Brookings, SD 57006"
Watertown Animal Control / Glacial Lakes Humane Society,https://www.watertownsd.us/152/Animal-Control,44.898120,-97.141040,"1010 4th Ave SW, Watertown, SD 57201"
Mitchell Animal Rescue & Control,https://www.cityofmitchell.org/162/Animal-Control,43.711240,-98.028910,"1200 S Ohlman St, Mitchell, SD 57301"
Yankton Animal Control / Heart of Dakota Humane Society,https://www.cityofyankton.org/departments-services/police/animal-control,42.871240,-97.398910,"200 W 2nd St, Yankton, SD 57078"
Pierre Animal Control / PAWS Animal Shelter,https://www.pierre paws.org,44.368120,-100.341240,"1530 E Dakota Ave, Pierre, SD 57501"
Huron Animal Shelter,https://www.huronsd.com/departments/police/animal-control,44.361240,-98.211040,"2050 US-14, Huron, SD 57350"
Spearfish Animal Control / Western South Dakota Humane Society,https://www.cityofspearfish.com/152/Animal-Control,44.491240,-103.858910,"1040 Colorado Blvd, Spearfish, SD 57783"