LA Animal Services - East Valley,"https://www.laanimalservices.com",34.194434,-118.446066,"14409 Vanowen St, Van Nuys, CA 91405"
LA Animal Services - West Valley,"https://www.laanimalservices.com",34.243451,-118.583700,"20655 Plummer St, Chatsworth, CA 91311"
LA Animal Services - West LA,"https://www.laanimalservices.com",34.034781,-118.440449,"11361 W Pico Blvd, Los Angeles, CA 90064"
LA Animal Services - South LA,"https://www.laanimalservices.com",33.984838,-118.310955,"1850 W 60th St, Los Angeles, CA 90047"
LA Animal Services - North Central,"https://www.laanimalservices.com",34.083240,-118.219411,"3201 Lacy St, Los Angeles, CA 90031"
LA Animal Services - Harbor,"https://www.laanimalservices.com",33.752007,-118.293956,"957 N Gaffey St, San Pedro, CA 90731"
San Francisco Animal Care & Control,"https://www.sf.gov/departments/city-administrator/animal-care-and-control",37.763420,-122.409380,"1419 Bryant St, San Francisco, CA 94103"
San Jose Animal Care Center,"N/A",37.348610,-121.808720,"2750 Monterey Rd, San Jose, CA 95111"
San Diego Humane Society - San Diego Campus,"https://www.sdhumane.org",32.766780,-117.181280,"5500 Gaines St, San Diego, CA 92110"
San Diego Humane Society - Oceanside Campus,"https://www.sdhumane.org",33.224150,-117.332850,"2905 San Luis Rey Rd, Oceanside, CA 92058"
San Diego Humane Society - Escondido Campus,"https://www.sdhumane.org",33.129320,-117.098850,"3450 E Valley Pkwy, Escondido, CA 92027"
City of Sacramento Front Street Animal Shelter,"https://www.cityofsacramento.gov/community-development/animal-care",38.567080,-121.507420,"2127 Front St, Sacramento, CA 95818"
Sacramento County Animal Care and Regulation,"https://animalcare.saccounty.gov",38.558230,-121.328910,"3839 Bradshaw Rd, Sacramento, CA 95827"
Fresno Humane Animal Services,"https://www.fresnohumane.org",36.702410,-119.816040,"760 W Nielsen Ave, Fresno, CA 93706"
OC Animal Care,"https://animalcare.oc.gov",33.708890,-117.822830,"1630 Victory Rd, Tustin, CA 92782"
Pasadena Humane,"https://pasadenahumane.org",34.141520,-118.148560,"361 S Raymond Ave, Pasadena, CA 91105"
Long Beach Animal Care Services,"https://www.longbeach.gov/acs",33.808620,-118.125190,"7700 E Spring St, Long Beach, CA 90815"
Inland Valley Humane Society,"https://www.ivhsspca.org",34.053180,-117.766340,"500 Humane Way, Pomona, CA 91766"
Oakland Animal Services,"N/A",37.764510,-122.215890,"1101 29th Ave, Oakland, CA 94601"
Contra Costa County Animal Services,"N/A",37.971210,-122.062830,"4800 Imhoff Pl, Martinez, CA 94553"
The Animal Foundation (Las Vegas / Clark Co.),"https://animalfoundation.com",36.180230,-115.123510,"655 N Mojave Rd, Las Vegas, NV 89101"
Henderson Animal Care and Control,"N/A",36.008450,-115.006940,"300 E Galleria Dr, Henderson, NV 89011"
Boulder City Animal Control,"https://www.bcnv.org/168/Animal-Control",35.968110,-114.821940,"200 S Nevada Hwy, Boulder City, NV 89005"
Washoe County Regional Animal Services (Reno/Sparks),"https://www.washoecounty.gov/animal",39.539820,-119.728950,"2825 Longley Ln, Reno, NV 89502"
Carson City Animal Services,"https://www.carson.org/government/departments-a-m/animal-services",39.141870,-119.743120,"549 Airport Rd, Carson City, NV 89701"
Douglas County Animal Services,"https://communityservices.douglascountynv.gov/animal_services",38.966420,-119.734890,"921 Dump Rd, Gardnerville, NV 89410"
Lyon County Animal Services,"https://www.lyon-county.org/168/Animal-Services",39.231250,-119.576820,"3705 Highway 50, Silver Springs, NV 89429"
Churchill County Animal Control,"https://www.churchillcountynv.gov/112/Animal-Control",39.467820,-118.784530,"1108 S Maine St, Fallon, NV 89406"
Elko Animal Shelter,"N/A",40.838910,-115.753820,"2210 College Pkwy, Elko, NV 89801"
Nye County Animal Shelter (Pahrump),"https://www.nyecounty.net/135/Animal-Control",36.218520,-115.986840,"1510 Siri Ln, Pahrump, NV 89060"
Humboldt County Animal Shelter,"https://www.humboldtcountynv.gov/160/Animal-Control",40.963410,-117.723910,"810 Fairgrounds Rd, Winnemucca, NV 89445"
Maricopa County Animal Care and Control - West Valley Shelter,"https://www.maricopa.gov/pets",33.421680,-112.115820,"2500 S 27th Ave, Phoenix, AZ 85009"
Arizona Humane Society - Rob & Melani Walton Papago Park Campus,"https://www.azhumane.org",33.450120,-111.962540,"5501 E Van Buren St, Phoenix, AZ 85008"
Pima Animal Care Center,"https://www.pima.gov/animalcare",32.282510,-111.031420,"4000 N Silverbell Rd, Tucson, AZ 85745"
Humane Society of Southern Arizona,"https://hssaz.org",32.266240,-110.981890,"635 W Roger Rd, Tucson, AZ 85705"
Pinal County Animal Care and Control,"N/A",32.879810,-111.536210,"1150 S Eleven Mile Corner Rd, Casa Grande, AZ 85122"
Yuma County Animal Control / Humane Society of Yuma,"https://www.hsofyuma.org",32.651040,-114.643210,"4050 S Avenue 4 1/2 E, Yuma, AZ 85365"
Coconino Humane Association (Flagstaff),"https://coconinohumane.org",35.215840,-111.598210,"3501 E Butler Ave, Flagstaff, AZ 86004"
High Country Humane (Flagstaff/Coconino Co.),"https://highcountryhumane.org",35.182410,-111.668120,"1925 E Sawmill Rd, Flagstaff, AZ 86001"
Yavapai Humane Society,"https://yavapaihumane.org",34.607120,-112.421040,"1625 Sundog Ranch Rd, Prescott, AZ 86301"
Mohave County Animal Shelter (Kingman),"https://www.mohave.gov",35.228910,-114.026310,"950 Buchanan St, Kingman, AZ 86401"
Western Arizona Humane Society (Lake Havasu City),"https://westernarizonahumane.org",34.498120,-114.316820,"2610 Sweetwater Ave, Lake Havasu City, AZ 86406"
Cochise County Animal Shelter (Sierra Vista Humane Society),"https://sierravistahumane.org",31.541230,-110.281940,"2700 E Frida Holley Way, Sierra Vista, AZ 85635"
Gila County Animal Care & Control (Globe),"https://www.gilacountyaz.gov",33.402180,-110.801240,"2725 E Hwy 70, Globe, AZ 85501"
Navajo County Animal Control / Humane Society of the White Mountains,"https://www.hswm.org",34.161040,-109.962130,"3212 N Porter Mountain Rd, Lakeside, AZ 85929"
Multnomah County Animal Services,"https://www.multcopets.org",45.541010,-122.388830,"1700 W Historic Columbia River Hwy, Troutdale, OR 97060"
Oregon Humane Society - Portland Campus,"https://www.oregonhumane.org",45.572180,-122.654310,"1067 NE Columbia Blvd, Portland, OR 97211"
Oregon Humane Society - Salem Campus,"https://www.oregonhumane.org",44.903820,-122.992810,"4246 Turner Rd SE, Salem, OR 97317"
Washington County Animal Services (Bonnie L. Hays Animal Shelter),"https://www.washingtoncountyor.gov/animal-services",45.526840,-122.964210,"1901 SE 24th Ave, Hillsboro, OR 97123"
Clackamas County Dog Services,"https://www.clackamas.us/dogs",45.362140,-122.583920,"13141 SE Hwy 212, Clackamas, OR 97015"
Green Hill Humane Society (Lane County / Eugene),"https://www.green-hill.org",44.072890,-123.218930,"88530 Green Hill Rd, Eugene, OR 97402"
Marion County Animal Shelter,"https://www.mcdogs.net",44.912830,-122.981240,"3550 Aumsville Hwy SE, Salem, OR 97317"
Jackson County Animal Care & Control,"N/A",42.302180,-122.821940,"5595 S Pacific Hwy, Phoenix, OR 97535"
Humane Society of Central Oregon (Bend),"https://www.hsco.org",44.028910,-121.281040,"61170 SE 27th St, Bend, OR 97702"
BrightSide Animal Center (Redmond),"N/A",44.288210,-121.168920,"1355 NE Hemlock Ave, Redmond, OR 97756"
Linn County Animal Control / SafeHaven Humane Society,"https://safehavenhumane.org",44.608920,-123.061040,"32220 Old Hwy 34, Tangent, OR 97389"
Benton County Animal Control / Heartland Humane Shelter,"https://heartlandhumane.org",44.542810,-123.268920,"3975 SW Country Club Dr, Corvallis, OR 97333"
Klamath Animal Shelter,"https://klamathanimalshelter.org",42.201840,-121.758920,"4241 Washburn Way, Klamath Falls, OR 97603"
Umatilla County Animal Control / Pioneer Humane Society,"https://www.pioneerhumane-paaws.org",45.688120,-118.821040,"517 SE 3rd St, Pendleton, OR 97801"
Coos County Animal Shelter,"N/A",43.348120,-124.238910,"92960 Water Tank Ln, Coos Bay, OR 97420"
Seattle Animal Shelter,"https://www.seattle.gov/animal-shelter",47.632110,-122.378930,"2061 15th Ave W, Seattle, WA 98119"
Regional Animal Services of King County (RASKC),"https://kingcounty.gov/en/dept/executive-services/animals-pets-pests/regional-animal-services",47.362140,-122.253920,"21615 64th Ave S, Kent, WA 98032"
Tacoma-Pierce County Humane Society,"https://www.thehumanesociety.org",47.231210,-122.481240,"2608 Center St, Tacoma, WA 98409"
Spokane County Regional Animal Protection Service (SCRAPS),"N/A",47.658210,-117.238910,"6815 E Trent Ave, Spokane Valley, WA 99212"
Humane Society for Southwest Washington (Vancouver/Clark Co.),"https://southwesthumane.org",45.648120,-122.551040,"1100 NE 192nd Ave, Vancouver, WA 98684"
Everett Animal Welfare Services,"N/A",47.962140,-122.181240,"333 Smith Island Rd, Everett, WA 98201"
Kitsap Humane Society,"https://www.kitsap-humane.org",47.638120,-122.681940,"9167 Dickey Rd NW, Silverdale, WA 98383"
Yakima Humane Society,"https://yakimahumane.org",46.582140,-120.528920,"106 S 6th Ave, Yakima, WA 98802"
Benton-Franklin Humane Society (Tri-Cities),"https://www.bfhs.com",46.218910,-119.121040,"1736 E 7th Ave, Kennewick, WA 99337"
Whatcom Humane Society,"https://whatcomhumane.org",48.751240,-122.448920,"2172 Division St, Bellingham, WA 98226"
Olympic Peninsula Humane Society (Port Angeles),"https://ophumanesociety.org",48.102140,-123.388910,"1743 Old Olympic Hwy, Port Angeles, WA 98362"
Thurston County Animal Services / Joint Animal Services (Olympia),"https://jointanimalservices.org",47.018920,-122.881240,"3120 Martin Way E, Olympia, WA 98506"
Grant County Animal Outreach (Moses Lake),"https://www.grantcountyanimaloutreach.org",47.128910,-119.261040,"6725 Randolph Rd NE, Moses Lake, WA 98837"
Wenatchee Valley Humane Society,"https://www.wenatcheehumane.org",47.412140,-120.301940,"1474 S Wenatchee Ave, Wenatchee, WA 98801"
Idaho Humane Society - Dorman Campus,"https://idahohumanesociety.org",43.582140,-116.228910,"4775 W Dorman St, Boise, ID 83705"
Idaho Humane Society - Overland Campus,"https://idahohumanesociety.org",43.591020,-116.341240,"1300 S Bird St, Boise, ID 83709"
West Valley Humane Society (Caldwell / Canyon Co.),"https://westvalleyhumanesociety.org",43.682140,-116.661040,"14580 Hwy 55, Caldwell, ID 83607"
Kootenai Humane Society / Companions Animal Center (Coeur d'Alene),"https://www.companionsanimalcenter.org",47.741240,-116.828910,"10275 N Atlas Rd, Hayden, ID 83835"
Pocatello Animal Services,"N/A",42.882140,-112.441040,"2900 Upper Ross Park Rd, Pocatello, ID 83204"
Snake River Animal Shelter (Idaho Falls),"https://www.snakeriveranimalshelter.org",43.528910,-112.061040,"3000 Lindsay Blvd, Idaho Falls, ID 83402"
Bonneville County Animal Shelter / Idaho Falls Animal Services,"https://www.idahofallsidaho.gov/220/Animal-Services",43.488120,-112.028910,"2450 Hemmert Ave, Idaho Falls, ID 83401"
Twin Falls Animal Shelter,"https://twinfallsanimalshelter.com",42.548120,-114.481240,"420 Victory Ave, Twin Falls, ID 83301"
Mountain Home Animal Shelter,"https://www.mountain-home.org/animal-shelter",43.131240,-115.708910,"2800 Skywarrior Way, Mountain Home, ID 83647"
Panhandle Animal Shelter / Better Together Animal Alliance (Sandpoint),"https://bettertogetheranimalalliance.org",48.288120,-116.561040,"870 Kootenai Cutoff Rd, Ponderay, ID 83852"
Humane Society of the Upper Valley (Rexburg),"https://hsuv.org",43.831240,-111.788910,"2100 Highway 20, Rexburg, ID 83440"
Bingham County Animal Shelter (Blackfoot),"https://www.binghamid.gov",43.188120,-112.331240,"1280 Sunset Dr, Blackfoot, ID 83221"
Salt Lake County Animal Services,"https://slco.org/animal-services",40.718910,-111.912410,"511 W 3900 S, Salt Lake City, UT 84123"
Humane Society of Utah (Murray),"https://www.utahhumane.org",40.672140,-111.898120,"4242 S 300 W, Murray, UT 84107"
West Valley City Animal Services,"N/A",40.691240,-111.988910,"4522 W 3500 S, West Valley City, UT 84120"
Davis County Animal Care and Control,"https://www.daviscountyutah.gov/animalcare",40.988120,-111.881240,"1422 E 600 N, Fruit Heights, UT 84037"
Weber County Animal Shelter,"https://www.webercountyutah.gov/Animal_Shelter",41.228910,-111.961040,"1373 N 750 W, Ogden, UT 84404"
Utah County Animal Shelter / South Utah Valley Animal Services,"https://suvas.org",40.161240,-111.628910,"582 W 3000 N, Spanish Fork, UT 84660"
North Utah Valley Animal Services (Lindon),"https://nuvas.org",40.341240,-111.721040,"195 N Geneva Rd, Lindon, UT 84042"
Cache Humane Society (Logan),"https://cachehumane.org",41.761240,-111.848910,"2370 W 200 N, Logan, UT 84321"
South Salt Lake Animal Services,"N/A",40.711240,-111.891040,"2274 S 600 W, South Salt Lake, UT 84115"
Tooele City Animal shelter,"N/A",40.528910,-112.301240,"1182 N 80 E, Tooele, UT 84074"
Washington County Animal Shelter / RSQ Doctors (St. George),"https://rsqdogsutah.org",37.188120,-113.331240,"1838 W 1020 N, Hurricane, UT 84737"
City of St. George Animal Shelter,"https://www.sgcity.org/animalshelter",37.081240,-113.568910,"605 E Waterworks Dr, St. George, UT 84770"
Iron County Animal Shelter (Cedar City),"https://www.cedarcity.org/110/Animal-Control",37.691240,-113.061040,"1281 N Airport Rd, Cedar City, UT 84721"
Uintah County Animal Control (Vernal),"https://www.uintah.utah.gov",40.448120,-109.521040,"1460 E 330 S, Vernal, UT 84078"
City of Albuquerque Animal Welfare - Eastside Shelter,"https://www.cabq.gov/pets",35.071240,-106.551040,"8920 Lomas Blvd NE, Albuquerque, NM 87112"
City of Albuquerque Animal Welfare - Westside Shelter,"https://www.cabq.gov/pets",35.138120,-106.728910,"11800 Sunset Gardens Rd SW, Albuquerque, NM 87121"
Bernalillo County Animal Care Services,"https://www.bernco.gov/animal-care-services",35.012140,-106.681240,"3001 Second St SW, Albuquerque, NM 87105"
Santa Fe Animal Shelter & Humane Society,"https://sfhumanesociety.org",35.618910,-106.041240,"100 Caja Del Rio Rd, Santa Fe, NM 87507"
Doña Ana County Animal Control / ACTion Programs for Animals (Las Cruces),"https://actionprogramsforanimals.org",32.321240,-106.788910,"537 N Solano Dr, Las Cruces, NM 88001"
Animal Services Center of the Mesilla Valley (Las Cruces),"https://asc-mv.org",32.358120,-106.751040,"3551 Bataan Memorial W, Las Cruces, NM 88012"
Rio Rancho Animal Control & Shelter,"N/A",35.241240,-106.688910,"3441 Northern Blvd NE, Rio Rancho, NM 87144"
Roswell Humane Society,"https://www.roswellhumane.org",33.361240,-104.538910,"703 E McGaffey St, Roswell, NM 88203"
Farmington Animal Shelter / San Juan Animal League,"https://sanjuananimalleague.org",36.738120,-108.211040,"1213 Farmington Ave, Farmington, NM 87401"
City of Farmington Animal Shelter,"N/A",36.751240,-108.188910,"1701 N Browning Pkwy, Farmington, NM 87401"
Clovis Animal Shelter,"N/A",34.411240,-103.181040,"2203 N Main St, Clovis, NM 88101"
Hobbs Animal Adoption Center,"N/A",32.712140,-103.141240,"700 N Grimes St, Hobbs, NM 88240"
Otero County Animal Control / Alamogordo Animal Control,"https://www.alamogordonm.gov/162/Animal-Control",32.881240,-105.948910,"2901 St Charles Ave, Alamogordo, NM 88310"
Gallup Humane Society,"https://galluphumanesociety.today",35.518910,-108.721040,"2105 E Aztec Ave, Gallup, NM 87301"
Valencia County Animal Control (Los Lunas),"https://www.valenciacountynm.gov/148/Animal-Control",34.811240,-106.741040,"1209 Highway 314, Los Lunas, NM 87031"
Denver Animal Protection / Denver Animal Shelter,"https://www.denvergov.org/animalshelter",39.721450,-104.996120,"1241 W Bayaud Ave, Denver, CO 80223"
Dumb Friends League - Leslie A. Malone Center (Denver),"https://www.ddfl.org",39.678120,-104.901240,"2080 S Quebec St, Denver, CO 80231"
Dumb Friends League - Buddy Center (Castle Rock),"https://www.ddfl.org",39.361240,-104.851040,"4556 Castleton Ct, Castle Rock, CO 80109"
Humane Society of the Pikes Peak Region (Colorado Springs),"https://www.hsppr.org",38.828910,-104.791040,"610 Abbot Ln, Colorado Springs, CO 80905"
Humane Society of the Pikes Peak Region (Pueblo),"https://www.hsppr.org",38.251240,-104.608910,"4600 E 4th St, Pueblo, CO 81001"
Larimer Humane Society (Fort Collins / Loveland),"https://www.larimerhumane.org",40.481240,-105.011040,"3501 E 71st St, Loveland, CO 80538"
Foothills Animal Shelter (Golden / Jefferson Co.),"https://foothillsanimalshelter.org",39.728910,-105.161040,"580 State Hwy 58, Golden, CO 80403"
Aurora Animal Services,"https://www.auroragov.org/residents/animal_services",39.741240,-104.818910,"15750 E 32nd Ave, Aurora, CO 80011"
Adams County Animal Shelter / River North Animal Shelter,"N/A",39.911240,-104.921040,"12155 Parkkeeper Dr, Brighton, CO 80601"
Humane Society of Boulder Valley,"https://www.boulderhumane.org",40.021240,-105.251040,"2323 55th St, Boulder, CO 80301"
Weld County Humane Society / Humane Society of Weld County,"https://www.weldhumane.org",40.438120,-104.681240,"1830 16th St, Greeley, CO 80631"
Roaring Fork Valley Humane Society / Colorado Animal Rescue (Glenwood Springs),"https://www.coloradoanimalrescue.org",39.518910,-107.281040,"2801 County Rd 114, Glenwood Springs, CO 81601"
Roice-Hurst Humane Society (Grand Junction),"https://rhhumanesociety.org",39.081240,-108.521040,"362 28 Rd, Grand Junction, CO 81501"
Mesa County Animal Services,"N/A",39.068120,-108.511040,"971 Coffman Rd, Whitewater, CO 81527"
Longmont Humane Society,"https://www.longmonthumane.org",40.141240,-105.128910,"9595 Nelson Rd, Longmont, CO 80501"
Cheyenne Animal Shelter,"https://www.cheyenneanimalshelter.org",41.151240,-104.758910,"800 E Pershing Blvd, Cheyenne, WY 82001"
Casper Humane Society,"https://www.casperhumane.org",42.821240,-106.281040,"849 E E St, Casper, WY 82601"
Metro Animal Care & Control (Casper / Natrona Co.),"N/A",42.848120,-106.311040,"2392 E Metro Rd, Casper, WY 82601"
Animal Humane Society of Park County / City of Cody Animal Shelter,"https://www.cityofcody-wy.gov/162/Animal-Control",44.518910,-109.041240,"55 Stagecoach Trail, Cody, WY 82414"
City of Gillette Animal Shelter,"N/A",44.281240,-105.488910,"950 W Warlow Dr, Gillette, WY 82716"
Laramie Animal Welfare Society / City of Laramie Animal Shelter,"https://www.laramieanimalshelter.org",41.311240,-105.581040,"1064 N Boulder Dr, Laramie, WY 82072"
Rock Springs Animal Control & Shelter,"N/A",41.588120,-109.231240,"850 Lionkol Rd, Rock Springs, WY 82901"
Green River Animal Control & Shelter,"https://www.cityofgreenriver.org/110/Animal-Control",41.521240,-109.461040,"1600 Riverview Dr, Green River, WY 82935"
Jackson Hole Animal Services / Animal Humane Society of Golden Valley,"https://www.tetoncountywy.gov/432/Animal-Control",43.468120,-110.781240,"310 S Cache St, Jackson, WY 83001"
Sheridan County Animal Shelter,"https://sheridancountyanimalshelter.org",44.781240,-106.948910,"84 E Ridge Rd, Sheridan, WY 82801"
Fremont County Animal Shelter / Lander Pet Connection,"https://www.landerpetconnection.org",42.831240,-108.731040,"485 Washington St, Lander, WY 82520"
Riverton Animal Shelter,"https://www.rivertonwy.gov/departments/police/animal_control.php",43.031240,-108.388910,"815 S Smith Rd, Riverton, WY 82501"
Lewis and Clark Humane Society (Helena),"https://lchsmontana.org",46.608120,-112.021040,"2112 E Custer Ave, Helena, MT 59601"
Billings Animal Control / Help for NW Paws,"N/A",45.781240,-108.511040,"1955 Bench Blvd, Billings, MT 59105"
Yegen Animal Care Center / Yellowstone Valley Animal Shelter (Billings),"https://yvas.org",45.791240,-108.488910,"1735 Monad Rd, Billings, MT 59101"
Missoula Animal Control / Humane Society of Western Montana,"https://myhswm.org",46.841240,-114.028910,"5930 Highway 12 W, Missoula, MT 59804"
Heart of the Valley Animal Shelter (Bozeman/Belgrade),"https://www.heartofthevalleyshelter.org",45.721240,-111.161040,"1549 E Cameron Bridge Rd, Bozeman, MT 59714"
Flathead County Animal Shelter (Kalispell),"https://flathead.mt.gov/department-directory/animal-shelter",48.218910,-114.301240,"225 Cemetery Rd, Kalispell, MT 59901"
Humane Society of Northwest Montana (Kalispell),"https://www.humanesocietypets.com",48.201240,-114.288910,"100 Old Reserve Dr, Kalispell, MT 59901"
Great Falls Animal Shelter,"https://greatfallsmt.net/animalshelter",47.518910,-111.261040,"1010 25th Ave NE, Great Falls, MT 59404"
Chelsea Bailey Butte-Silver Bow Animal Shelter,"https://www.co.silverbow.mt.us/160/Animal-Shelter",45.988120,-112.521040,"699 Centennial Ave, Butte, MT 59701"
Livingston Humane Society / Stafford Animal Shelter,"https://staffordanimalshelter.org",45.681240,-110.548910,"3 Business Park Rd, Livingston, MT 59047"
Bitter Root Humane Association (Hamilton),"https://www.bitterroothumane.org",46.231240,-114.151040,"262 Fairgrounds Rd, Hamilton, MT 59840"
Havre Animal Shelter,"https://www.havermt.gov",48.548120,-109.681240,"125 5th Ave, Havre, MT 59501"
Houston Animal Control (BARC Animal Shelter),"https://www.houstontx.gov/barc",29.813050,-95.352460,"3300 Carr St, Houston, TX 77026"
Houston SPCA,"N/A",29.771240,-95.428910,"7007 Old Katy Rd, Houston, TX 77024"
Dallas Animal Services,"N/A",32.753380,-96.882190,"1818 N Westmoreland Rd, Dallas, TX 75212"
SPCA of Texas - Jan Rees-Jones Animal Care Center (Dallas),"https://spca.org",32.768120,-96.831040,"2400 Lone Star Dr, Dallas, TX 75212"
City of Fort Worth Animal Care and Control - Chuck Silcox Center,"N/A",32.681240,-97.358910,"4900 Martin St, Fort Worth, TX 76119"
Austin Animal Center,"https://www.austintexas.gov/department/austin-animal-center",30.251240,-97.688910,"7201 Levander Loop, Austin, TX 78702"
Austin Humane Society,"https://austinhumanesociety.org",30.341240,-97.711040,"124 W Anderson Ln, Austin, TX 78752"
San Antonio Animal Care Services,"N/A",29.387910,-98.562310,"4710 State Highway 151, San Antonio, TX 78227"
El Paso Animal Services,"https://www.elpasoanimalservices.org",31.781240,-106.388910,"5001 Fred Wilson Ave, El Paso, TX 79906"
Arlington Animal Services,"N/A",32.661240,-97.121040,"1000 SE Green Oaks Blvd, Arlington, TX 76018"
Plano Animal Shelter,"N/A",33.058120,-96.728910,"4028 W Plano Pkwy, Plano, TX 75093"
Corpus Christi Animal Care Services,"https://www.cctexas.com/animalcare",27.728910,-97.438120,"2626 Holly Rd, Corpus Christi, TX 78415"
Pasadena Animal Shelter,"https://www.pasadenatx.gov/152/Animal-Control",29.681240,-95.188910,"5150 Burke Rd, Pasadena, TX 77504"
McAllen Animal Care Center / Palm Valley Animal Society,"https://www.pvasal.org",26.228910,-98.211040,"2451 N Expressway 281, Edinburg, TX 78541"
Lubbock Animal Services,"N/A",33.548120,-101.881240,"3323 SE Loop 289, Lubbock, TX 79404"
Laredo Animal Care Services,"N/A",27.528910,-99.481240,"5202 Maher Ave, Laredo, TX 78041"
Amarillo Animal Management & Welfare,"N/A",35.188120,-101.821040,"3501 S Osage St, Amarillo, TX 79103"
Oklahoma City Animal Welfare,"N/A",35.438120,-97.581040,"2811 SE 29th St, Oklahoma City, OK 73129"
Central Oklahoma Humane Society (OKC),"N/A",35.531240,-97.528910,"7500 N Western Ave, Oklahoma City, OK 73116"
Tulsa Animal Welfare,"https://www.cityoftulsa.org/government/departments/working-in-neighborhoods/animal-welfare",36.188120,-95.911040,"3031 N Erie Ave, Tulsa, OK 74115"
Tulsa SPCA,"https://www.tulsaspca.org",36.198120,-96.001240,"2910 Mohawk Blvd, Tulsa, OK 74110"
Norman Animal Welfare,"N/A",35.218910,-97.411040,"3901 Jenkins Ave, Norman, OK 73072"
Broken Arrow Animal Shelter,"N/A",36.038120,-95.781040,"4121 E Omaha St, Broken Arrow, OK 74014"
Lawton Animal Welfare,"N/A",34.618910,-98.421040,"2104 SW 6th St, Lawton, OK 73501"
Edmond Animal Welfare,"N/A",35.631240,-97.461040,"2424 E 2nd St, Edmond, OK 73034"
Moore Animal Welfare,"https://www.cityofmoore.com/departments/animal-welfare",35.338120,-97.488910,"3900 S I-35 Service Rd, Moore, OK 73160"
Enid Animal Welfare,"N/A",36.411240,-97.868910,"1200 N 10th St, Enid, OK 73701"
Stillwater Animal Welfare,"https://stillwater.org/page/type/animal-welfare",36.128910,-97.041240,"1710 S Main St, Stillwater, OK 74074"
Midwest City Animal Welfare,"N/A",35.451240,-97.388910,"7405 E Reno Ave, Midwest City, OK 73110"
Bartlesville Animal Shelter,"https://www.cityofbartlesville.org/police/animal-control",36.738120,-95.961040,"101 S Virginia Ave, Bartlesville, OK 74003"
Shawnee Animal Welfare,"N/A",35.348120,-96.911040,"201 N Delaware Ave, Shawnee, OK 74801"
Muskogee Animal Shelter,"N/A",35.741240,-95.358910,"4002 S 24th St West, Muskogee, OK 74401"
Wichita Animal Shelter / Kansas Humane Society,"https://www.kshumane.org",37.741240,-97.261040,"3313 N Hillside St, Wichita, KS 67219"
Wichita Animal Services,"N/A",37.742810,-97.262510,"3303 N Hillside St, Wichita, KS 67219"
Overland Park Animal Control / Great Plains SPCA,"https://www.greatplainsspca.org",38.981240,-94.708910,"5424 Antioch Dr, Merriam, KS 66202"
Kansas City Kansas Animal Services,"N/A",39.118910,-94.651040,"3301 N 7th St Trafficway, Kansas City, KS 66115"
Topeka Animal Control / Helping Hands Humane Society,"https://www.hhhs.org",39.028910,-95.731240,"2625 SW Fairlawn Rd, Topeka, KS 66614"
Lawrence Humane Society,"https://lawrencehumane.org",38.961240,-95.218910,"1805 E 19th St, Lawrence, KS 66046"
Olathe Animal Control / Olathe Animal Shelter,"N/A",38.881240,-94.801240,"505 E Sunvale Dr, Olathe, KS 66061"
Shawnee Animal Control,"N/A",39.012140,-94.758910,"5850 Renner Rd, Shawnee, KS 66217"
Manhattan Prairie Paws Animal Shelter,"https://prairiepaws.org",39.188120,-96.581040,"2383 Tuttle Creek Blvd, Manhattan, KS 66502"
Salina Animal Services,"N/A",38.831240,-97.608910,"840 S Muir Rd, Salina, KS 67401"
Hutchinson Animal Shelter,"https://www.hutchgov.com/152/Animal-Shelter",38.048120,-97.911040,"1501 S Severance St, Hutchinson, KS 67501"
Leavenworth Animal Control / Leavenworth Animal Welfare,"https://www.firstcityhumane.org",39.311240,-94.928910,"2019 S 3rd St, Leavenworth, KS 66048"
Dodge City Animal Shelter,"https://www.dodgecity.org/102/Animal-Control",37.761240,-100.011040,"1202 S 14th Ave, Dodge City, KS 67801"
Garden City Animal Shelter,"https://www.gardencityks.us/government/departments/police/animal-control",37.981240,-100.851040,"302 E Chestnut St, Garden City, KS 67846"
Nebraska Humane Society (Omaha / Douglas Co.),"https://www.nehumanesociety.org",41.288120,-96.051040,"8929 Fort St, Omaha, NE 68134"
Capital Humane Society - Pieloch Pet Adoption Center (Lincoln),"https://www.capitalhumanesociety.org",40.741240,-96.658910,"6500 S 70th St, Lincoln, NE 68516"
Capital Humane Society - Admissions & Assessment Center (Lincoln),"https://www.capitalhumanesociety.org",40.831240,-96.711040,"2320 Park Blvd, Lincoln, NE 68502"
Grand Island Animal Health Center / Central Nebraska Humane Society,"https://centralnebraskahumanesociety.com",40.918910,-98.361040,"1312 J St, Grand Island, NE 68801"
Kearney Area Humane Society,"https://www.kearneyhumane.org",40.701240,-99.068910,"3205 US-30, Kearney, NE 68847"
Bellevue Animal Control / Town & Country Humane Society,"N/A",41.131240,-95.918910,"14110 S 84th St, Papillion, NE 68046"
Fremont Area Animal Shelter,"https://www.fremontanimalshelter.org",41.441240,-96.481240,"1551 E 23rd St, Fremont, NE 68025"
Hastings Animal Shelter,"N/A",40.598120,-98.371040,"1218 E Park St, Hastings, NE 68901"
North Platte Animal Shelter,"N/A",41.128910,-100.741040,"121 North Prairie Park Rd, North Platte, NE 69101"
Panhandle Humane Society (Scottsbluff),"https://www.panhandlehumanesociety.org",41.861240,-103.651040,"126 S Beltline Hwy W, Scottsbluff, NE 69361"
Norfolk Animal Control / Animal Shelter,"https://norfolkne.gov/government/departments/police-division/animal-control.html",42.028910,-97.411040,"1000 E Norfolk Ave, Norfolk, NE 68701"
Columbus Animal Control & Shelter,"https://www.columbusne.us/152/Animal-Control",41.431240,-97.348910,"2860 14th Ave, Columbus, NE 68601"
Fargo Animal Spring/Control / Homeward Animal Shelter,"https://www.homewardonline.org",46.901240,-96.811040,"1201 28th Ave N, Fargo, ND 58102"
FM Animal Care & Control (Fargo/Moorhead),"N/A",46.878120,-96.788910,"222 4th St N, Fargo, ND 58102"
Bismarck Animal Control / Central Dakota Humane Society,"https://cdhs.net",46.828910,-100.891240,"2104 Custer Park St, Mandan, ND 58554"
Bismarck Animal Advisory & Control,"https://www.bismarcknd.gov/93/Animal-Control",46.808120,-100.781040,"700 S 9th St, Bismarck, ND 58504"
Grand Falls Animal Control / Circle of Friends Humane Society,"https://circleoffriendsanimalshelter.org",47.931240,-97.068910,"4375 N Washington St, Grand Forks, ND 58203"
Minot Animal Control / Souris Valley Animal Shelter,"https://www.svaspets.org",48.218910,-101.281040,"19201 11th Ave SE, Minot, ND 58701"
Williston Animal Control / City of Williston Animal Shelter,"N/A",48.158120,-103.621040,"212 1st Ave E, Williston, ND 58801"
Dickinson Animal Control / City of Dickinson Animal Shelter,"N/A",46.881240,-102.788910,"2585 Fairway St, Dickinson, ND 58601"
Jamestown Animal Control / Prairie Paws Rescue,"https://www.prairiepawsrescue.com",46.911240,-98.708910,"205 1st St S, Jamestown, ND 58401"
Devils Lake Animal Control,"https://www.www.dvlnd.com/departments/police/animal_control",48.112400,-98.861040,"222 4th St NE, Devils Lake, ND 58301"
Wahpeton Animal Control / Humane Society of Richland-Wilkin Counties,"https://www.richlandwilkinhumanesociety.org",46.268120,-96.611040,"1810 11th St N, Wahpeton, ND 58075"
Sioux Falls Humane Society,"https://www.sfhumanesociety.com",43.512400,-96.788910,"3720 E Benson Rd, Sioux Falls, SD 57104"
Sioux Falls Animal Control,"N/A",43.548120,-96.731040,"1320 E Benson Rd, Sioux Falls, SD 57104"
Humane Society of the Black Hills (Rapid City),"https://www.hsbh.org",44.068120,-103.201240,"1820 E St Patrick St, Rapid City, SD 57701"
Aberdeen Animal Control / Humane Society of the Upper Midwest,"https://www.aberdeen.sd.us/93/Animal-Control",45.461240,-98.481040,"1200 S Speer St, Aberdeen, SD 57401"
Brookings Humane Society,"https://www.brookingshumane.org",44.308120,-96.781240,"120 West 2nd St S, Brookings, SD 57006"
Watertown Animal Control / Glacial Lakes Humane Society,"N/A",44.898120,-97.141040,"1010 4th Ave SW, Watertown, SD 57201"
Mitchell Animal Rescue & Control,"https://www.cityofmitchell.org/162/Animal-Control",43.711240,-98.028910,"1200 S Ohlman St, Mitchell, SD 57301"
Yankton Animal Control / Heart of Dakota Humane Society,"N/A",42.871240,-97.398910,"200 W 2nd St, Yankton, SD 57078"
Pierre Animal Control / PAWS Animal Shelter,"https://www.pierrepaws.org",44.368120,-100.341240,"1530 E Dakota Ave, Pierre, SD 57501"
Huron Animal Shelter,"N/A",44.361240,-98.211040,"2050 US-14, Huron, SD 57350"
Spearfish Animal Control / Western South Dakota Humane Society,"N/A",44.491240,-103.858910,"1040 Colorado Blvd, Spearfish, SD 57783"
"Animal Humane Society - Golden Valley","N/A",44.987254,-93.329338,"845 Meadow Ln N, Minneapolis, MN 55422"
"Animal Humane Society - Coon Rapids","N/A",45.198186,-93.302305,"1411 Main St NW, Minneapolis, MN 55448"
"Animal Humane Society - Woodbury","N/A",44.946088,-92.907652,"9785 Hudson Rd, Saint Paul, MN 55125"
"Minneapolis Animal Care & Control","https://www.minneapolismn.gov/resident-services/animals-pets/",44.956795,-93.250325,"2512 17th Ave S, Minneapolis, MN 55404"
"Saint Paul Animal Control","https://www.stpaul.gov/departments/safety-inspections/animal-control",44.960810,-93.155790,"1327 Lafond Ave, Saint Paul, MN 55104"
"Tri-County Humane Society (St. Cloud)","https://tricountyhumanesociety.org",45.576967,-94.149619,"735 8th St NE, Saint Cloud, MN 56304"
"Minnesota Valley Humane Society (Burnsville)","https://www.mvhumanesociety.org",44.757820,-93.280140,"13502 Nicollet Ln, Burnsville, MN 55337"
"Paws and Claws Humane Society (Rochester)","https://www.pawsandclaws.org",44.043110,-92.510895,"3224 19th St NW, Rochester, MN 55901"
"Humane Society of Washington County (Hastings)","https://www.hswca.org",44.722032,-92.843709,"2600 Industrial Ct, Hastings, MN 55033"
"Humane Society of Kandiyohi & Meeker Counties (Willmar)","https://www.thehskmc.com",45.120941,-95.078088,"250 28th St SW, Willmar, MN 56201"
"Great River Rescue (Bemidji)","https://www.greatriverrescue.com",47.438642,-94.845073,"1612 Carr Lake Rd SE, Bemidji, MN 56601"
"Humane Society of Douglas County (Superior/Duluth area)","https://hsdcpets.com",46.671697,-92.001642,"138 Moccasin Mike Rd, Superior, WI 54880"
"Heart of Minnesota Animal Shelter (Hutchinson)","https://www.heartofminnesota.org",44.873946,-94.383702,"880 Century Ave SW, Hutchinson, MN 55350"
"Lakes Area Humane Society (Alexandria)","https://lakesareahumanesociety.org",45.855845,-95.408009,"3811 Nevada St SW, Alexandria, MN 56308"
"BENCHS - Blue Earth Nicollet County Humane Society (Mankato)","https://www.benchs.org",44.180290,-93.992810,"201-251 Spruce St, Mankato, MN 56001"
"Animal Rescue League of Iowa - Main Campus (Des Moines)","https://www.arl-iowa.org",41.644120,-93.582840,"2151-2157 NE 46th Ave, Des Moines, IA 50313"
"ARL Animal Services - Stray Drop-Off (Des Moines)","https://www.arl-iowa.org",41.579480,-93.597650,"1194 E Railroad Ave, Des Moines, IA 50309"
"Cedar Rapids Animal Care & Control","https://www.cedar-rapids.org/local_government/departments_a_-_f/animal_control/index.php",41.906230,-91.647274,"7241 Washington View Pkwy SW, Cedar Rapids, IA 52404"
"Iowa City Animal Care & Adoption Center","https://www.icanimalcenter.org",41.630364,-91.531210,"3910 Napoleon Ln, Iowa City, IA 52240"
"Humane Society of Scott County (Davenport)","https://hssc.us",41.545873,-90.618852,"2802 W Central Park Ave, Davenport, IA 52804"
"Siouxland Humane Society (Sioux City)","https://siouxlandhumanesociety.org",42.492984,-96.417769,"1015 Tri View Ave, Sioux City, IA 51103"
"Dubuque Regional Humane Society","https://www.dbqhumane.org",42.496630,-90.742143,"4242 Chavenelle Rd, Dubuque, IA 52002"
"Waterloo Cedar Falls Humane Society","https://www.wiawcfhs.org",42.502840,-92.368290,"126 Bismark Ave, Waterloo, IA 50701"
"Story County Animal Control & Shelter (Nevada)","https://www.storycountyiowa.gov/88/Animal-Control-Shelter",42.022370,-93.468720,"W Lincoln Hwy, Nevada, IA 50201"
"AHeinz57 Pet Rescue & Transport (De Soto)","https://www.aheinz57.com",41.538165,-94.008163,"4002 Ash St, De Soto, IA 50069"
"Ames Animal Shelter & Control","N/A",42.003124,-93.606575,"325 Billy Sunday Rd, Ames, IA 50010"
"Clinton Humane Society","https://www.clintonhumanesociety.org",41.854210,-90.207910,"953 9th Ave N, Clinton, IA 52732"
"Stephens County Animal Shelter / Fort Dodge Animal Control","https://www.almosthomeiowa.org",42.520410,-94.168340,"1502 Timberlane, Fort Dodge, IA 50501"
"Boone Area Humane Society","https://www.bahs.us",42.071596,-93.895509,"228 W 16th St, Boone, IA 50036"
"Heartland Humane Society (Ottumwa)","https://www.heartlandhumanesociety.org",41.064636,-92.400114,"314 Fox Sauk Rd, Ottumwa, IA 52501"
"Humane Society of Missouri - St. Louis City Campus","https://hsmo.org",38.626297,-90.275429,"1201 Macklind Ave, St. Louis, MO 63110"
"Humane Society of Missouri - Besty Reynolds Hapner Campus (Maryland Heights)","https://hsmo.org",38.718040,-90.457810,"12124 Rush Creek Way, Maryland Heights, MO 63043"
"KC Pet Project - Main Campus (Kansas City)","https://kcpetproject.org",39.029810,-94.526230,"5200 Quincy Ave, Kansas City, MO 64130"
"St. Louis County Animal Care & Control (Olivette)","https://stlouiscityanimalcare.org",38.681120,-90.364210,"8822 Iroquois Dr, Saint Louis, MO 63132"
"CARE STL / City of St. Louis Animal Care Center","https://www.icarestl.org",38.630980,-90.222340,"2900 Market St, Saint Louis, MO 63103"
"APA of Missouri - Brentwood","https://apamo.org",38.621810,-90.339120,"1328-1334 Strassner Dr, Saint Louis, MO 63144"
"Stray Rescue of St. Louis","https://www.strayrescue.org",38.631240,-90.214810,"2351 Market St, Saint Louis, MO 63103"
"Humane Society of Southwest Missouri (Springfield)","https://www.swh.org",37.253410,-93.332150,"3092 N Farm Road 137, Springfield, MO 65803"
"Columbia Second Chance / Central Missouri Humane Society","https://cmhspets.org",38.971210,-92.318430,"1366-1390 Vandiver Dr, Columbia, MO 65202"
"Great Plains SPCA (Merriam/Kansas City Metro Area)","https://www.greatplainsspca.org",38.995810,-94.691230,"9100 W 74th St, Overland Park, KS 66204"
"St. Joseph Animal Shelter & Control","https://www.stjosephmo.gov/160/Animal-Control-Rescue",39.773120,-94.851230,"703 Hall St, Saint Joseph, MO 64501"
"Jefferson City Animal Shelter","N/A",38.577659,-92.212170,"2308 Hyde Park Rd, Jefferson City, MO 65109"
"Joplin Humane Society","https://www.joplinhumane.org",37.124303,-94.509901,"140 Emperor Rd, Joplin, MO 64801"
"Cape Girardeau Area Humane Society","https://www.hsgc.org",37.318120,-89.551230,"2300-2414 Terrie Hill Rd, Cape Girardeau, MO 63701"
"Tri-County Humane Society (St. James)","https://www.tricountyhumane.org",37.994120,-91.605120,"416 Forest Ln, Saint James, MO 65559"
"Best Friends Pet Resource Center (Bentonville)","https://bestfriends.org/nwa",36.363128,-94.227261,"1312 Melissa Dr, Bentonville, AR 72712"
"Fort Smith Animal Haven","https://www.fsmah.org",35.305120,-94.382140,"8401-8419 Highway 45, Fort Smith, AR 72916"
"Fayetteville Animal Services","https://www.fayetteville-ar.gov/525/Animal-Services",36.046829,-94.137135,"1640 S Armstrong Ave, Fayetteville, AR 72701"
"North Little Rock Animal Shelter","https://nlr.ar.gov/services/animal-shelter/",34.793968,-92.303556,"1 Championship Dr, North Little Rock, AR 72118"
"Sherwood Animal Shelter","N/A",34.823120,-92.218410,"203 Alanbrook Ave, Sherwood, AR 72120"
"Humane Society of Ozarks (Fayetteville)","https://hsozarks.org",36.082140,-94.171240,"1505 N Leverett Ave, Fayetteville, AR 72703"
"Jonesboro Animal Services / Shelter","https://www.jonesboro.org/150/Animal-Control",35.819794,-90.618787,"6119 E Highland Dr, Jonesboro, AR 72401"
"Pine Bluff Animal Control","N/A",34.239106,-92.037201,"901 N Haverty St, Pine Bluff, AR 71601"
"Texarkana Animal Care & Adoption Center","N/A",33.431240,-94.028120,"901 E Broad St, Texarkana, AR 71854"
"Arkansas Chimney Rock / Saline County Humane Society (Benton)","https://www.hssc-ar.org",34.561240,-92.581240,"305 S 3rd St, Benton, AR 72015"
"Hot Springs Animal Services / Shelter","https://www.cityhs.net/148/Animal-Services",34.501240,-93.058120,"118 Liberty St, Hot Springs National Park, AR 71913"
"ArkanPaws Animal Rescue (Conway)","https://www.arkanpaws.org",35.090075,-92.439115,"800 Chestnut St, Conway, AR 72032"
"Mendel Animal Shelter / Conway Animal Welfare","N/A",35.091240,-92.458120,"2225 Prince St, Conway, AR 72034"
"Louisiana SPCA - New Orleans Campus","https://www.louisianaspca.org",29.938917,-90.039718,"1700 Mardi Gras Blvd, New Orleans, LA 70114"
"Companion Animal Alliance (Baton Rouge)","https://www.caabr.org",30.405611,-91.195955,"2550 Gourrier Ave, Baton Rouge, LA 70820"
"Lafayette Animal Shelter & Care Center","https://www.lafayettela.gov/living-here/lafayette-animal-shelter-and-care-center/",30.228140,-92.018410,"206 Voorhies St, Lafayette, LA 70501"
"Animal Rescue Foundation of Louisiana (Shreveport)","https://www.hbchumane.org",32.481240,-93.758120,"1353-1363 Kings Hwy, Shreveport, LA 71103"
"Ouachita Parish Animal Control (Monroe)","https://www.oppj.org/departments/animal_control/index.php",32.528140,-92.084120,"2300-2302 Ferrand St, Monroe, LA 71201"
"Calcasieu Parish Animal Services (Lake Charles)","N/A",30.218410,-93.228140,"525 Shell Beach Dr, Lake Charles, LA 70601"
"Jefferson Parish Animal Shelter - Eastbank (Harahan)","N/A",29.952140,-90.198410,"672-698 Time Saver Ave, New Orleans, LA 70123"
"St. Tammany Parish Animal Services (Lacombe)","N/A",30.429620,-89.898226,"31078 Highway 36, Lacombe, LA 70445"
"St. Bernard Parish Animal Care & Control (Violet)","N/A",29.898120,-89.901240,"6200 E Saint Bernard Hwy, Violet, LA 70092"
"Acadiana Humane Society (Sunset/Lafayette)","https://acadianahumanesociety.org",30.412840,-92.068120,"758A Napoleon Ave, Sunset, LA 70584"
"Rapides Parish Animal Control (Alexandria)","https://www.rpgov.com/departments/animal_control/index.php",31.281240,-92.458120,"Greco Dr, Alexandria, LA 71301"
"Wisconsin Humane Society - Milwaukee Campus","N/A",43.039237,-87.969738,"4500 W Wisconsin Ave, Milwaukee, WI 53208"
"Wisconsin Humane Society - Racine Campus","N/A",42.718410,-87.828140,"4001 Washington Ave, Racine, WI 53405"
"Coulee Region Humane Society (Onalaska/La Crosse)","https://www.couleehumane.com",43.872996,-91.178595,"911 Critter Ct, Onalaska, WI 54650"
"Eau Claire County Humane Association","https://eccha.org",44.812410,-91.458120,"716 Club View Ln, Altoona, WI 54720"
"Washington County Humane Society (Slinger)","https://www.wchspets.org",43.338120,-88.281240,"224 Kettle Moraine Dr N, Slinger, WI 53086"
"Humane Society of Waupaca County","https://www.waupacahumane.org",44.336943,-89.032012,"2293 Commercial Dr, Waupaca, WI 54981"
"Rock County Humane Society (Janesville)","https://www.petsgohome.org",42.668120,-89.018410,"966 S Jackson St, Janesville, WI 53546"
"Chippewa Humane Association (Chippewa Falls)","https://www.chippewahumane.com",44.918410,-91.358120,"Seymour Cray Sr Blvd, Chippewa Falls, WI 54729"
"Chicago Animal Care and Control","https://www.chicago.gov/city/en/depts/cacc.html",41.841689,-87.684382,"2741 S Western Ave, Chicago, IL 60608"
"The Anti-Cruelty Society (Chicago)","https://anticruelty.org",41.891384,-87.633215,"157 W Grand Ave, Chicago, IL 60654"
"PAWS Chicago Lincoln Park Adoption Center","https://www.pawschicago.org",41.918120,-87.658120,"2001 N Racine Ave, Chicago, IL 60614"
"Tree House Humane Society (Chicago)","https://www.treehouseanimals.org",42.013004,-87.689830,"7225 N Western Ave, Chicago, IL 60645"
"DuPage County Animal Services (Wheaton)","N/A",41.864529,-88.144802,"2255 Manchester Rd, Wheaton, IL 60187"
"A.D.O.P.T. Pet Shelter (Naperville)","https://www.adoptpetshelter.org",41.778309,-88.215415,"420 Industrial Dr, Naperville, IL 60563"
"Animal Welfare League (Chicago Ridge)","https://www.animalwelfareleague.com",41.703617,-87.787725,"10305 Southwest Hwy, Chicago Ridge, IL 60415"
"Anderson Humane (South Elgin)","https://www.ahconnects.org",41.982932,-88.298248,"1000 S La Fox St, South Elgin, IL 60177"
"South Suburban Humane Society (Matteson)","https://www.southsuburbanhumane.org",41.508120,-87.728120,"964 Academy Ave, Matteson, IL 60443"
"Peoria County Animal Protection Services (PCAPS)","https://www.peoriacounty.gov/149/Animal-Protection-Services",40.698120,-89.618120,"816 N Tobias Ave, Peoria, IL 61606"
"Sangamon County Animal Control (Springfield)","https://sangamonil.gov/departments/a-c/animal-control",39.778900,-89.610300,"2100 Shale St, Springfield, IL 62703"
"Champaign County Humane Society (Urbana)","https://www.cuhumane.org",40.118120,-88.188120,"1402 Butzow Dr, Urbana, IL 61802"
"Metro East Humane Society (Edwardsville)","https://www.mehs.org",38.808120,-89.958120,"245 Crane St, Edwardsville, IL 62025"
"McLean County Animal Control (Bloomington)","https://www.mcleancountyil.gov/86/Animal-Control",40.418119,-89.003389,"9279 N 1375 East Rd, Bloomington, IL 61705"
"Louisville Metro Animal Services (Harrods Creek/LMAS Campus)","N/A",38.281240,-85.628140,"2000-2040 Providence Point Dr, Louisville, KY 40222"
"Kentucky Humane Society - Main Campus (Louisville)","https://www.kyhumane.org",38.168120,-85.718410,"1024 Rose Dr, Louisville, KY 40213"
"Lexington-Fayette Animal Care & Control","https://www.lfacc.org",38.058422,-84.536465,"1600 Old Frankfort Pike, Lexington, KY 40504"
"Humane Society of Bluegrass (Lexington)","https://www.hsbh.org",38.028140,-84.518410,"1560 Heron Ln, Lexington, KY 40503"
"Bowling Green / Warren County Humane Society","https://www.bgshelterpets.com",36.968120,-86.428140,"881-1005 Wilkinson Trce, Bowling Green, KY 42103"
"Davess County Animal Care & Control (Owensboro)","N/A",37.758120,-87.128140,"1611 Linden Ave, Owensboro, KY 42301"
"Boone County Animal Care & Control (Burlington)","N/A",39.028140,-84.718410,"2776 Burlington Pike, Burlington, KY 41005"
"Kenton County Animal Services (Covington/Northern KY)","N/A",38.998120,-84.538120,"4039-4087 Madison Pike, Ft Mitchell, KY 41017"
"Hardin County Animal Shelter (Elizabethtown)","N/A",37.698120,-85.868120,"118 Peachtree St, Elizabethtown, KY 42701"
"Franklin County Humane Society (Frankfort)","https://www.fchs.info",38.208140,-84.858120,"588-798 Owenton Ave, Frankfort, KY 40601"
"Christian County Animal Shelter (Hopkinsville)","N/A",36.862078,-87.443456,"2935 Russellville Rd, Hopkinsville, KY 42240"
"McCracken County Humane Society (Paducah)","https://mccrackenhumane.org",37.058120,-88.628140,"140 Magalyn Dr, Paducah, KY 42003"
"Pulaski County Animal Shelter (Somerset)","https://pulaskiky.org/animal-shelter/",37.103210,-84.582439,"235 Adopt Me Ln, Somerset, KY 42501"
"Madison County Animal Shelter (Richmond)","https://www.madisoncountyky.us/index.php/animal-shelter",37.728140,-84.288120,"324-332 Boggs Ln, Richmond, KY 40475"
"Jessamine County Animal Care & Control (Nicholasville)","N/A",37.862028,-84.561386,"381 Park Dr, Nicholasville, KY 40356"
"Metro Animal Care and Control (Nashville)","https://www.nashville.gov/departments/health/animal-care-and-control",36.108120,-86.728140,"2928 Southlake Dr, Nashville, TN 37211"
"Nashville Humane Association","https://nashvillehumane.org",36.146661,-86.860204,"213 Oceola Ave, Nashville, TN 37209"
"McKamey Animal Center (Chattanooga)","https://mckameyanimalcenter.org",35.110132,-85.250362,"4500 N Access Rd, Chattanooga, TN 37415"
"Young-Williams Animal Center (Knoxville)","https://www.young-williams.org",35.955533,-83.956716,"3201 Division St, Knoxville, TN 37919"
"Humane Society of the Tennessee Valley (Knoxville)","https://humanesocietytennessee.org",35.932489,-84.014185,"6717 Kingston Pike, Knoxville, TN 37919"
"Rutherford County Animal Services (Murfreesboro)","N/A",35.858120,-86.388120,"1100 N Spring St, Murfreesboro, TN 37130"
"Jackson Madison County Animal Care Center","N/A",35.618120,-88.818120,"351 N Liberty St, Jackson, TN 38301"
"Sevier Animal Care Center (Sevierville)","https://sevieranimalcarecenter.com",35.883622,-83.579261,"1008 Old Knoxville Hwy, Sevierville, TN 37862"
"Sumner County Animal Control (Gallatin)","N/A",36.388120,-86.448120,"132 W Main St, Gallatin, TN 37066"
"Williamson County Animal Center (Franklin)","https://www.adoptwcac.org",35.944361,-86.878015,"106 Claude Yates Dr, Franklin, TN 37064"
"Washington County Animal Shelter (Johnson City)","N/A",36.318120,-82.358120,"300-316 W Fairview Ave, Johnson City, TN 37604"
"Hub City Humane Society (Hattiesburg)","https://www.hubcityhumanesociety.org",31.346216,-89.399500,"1381 Jackson Rd, Hattiesburg, MS 39402"
"Wild at Heart Rescue (Vancleave/Gautier)","https://www.wildatheartrescue.org",30.576265,-88.847052,"16020 Larue Rd, Vancleave, MS 39565"
"Southern Pines Animal Shelter (Hattiesburg)","https://www.southernpinesus.org",31.352328,-89.334565,"1901 N 31st Ave, Hattiesburg, MS 39401"
"Oxford-Lafayette Humane Society (Oxford)","https://www.oxfordlafayettehumane.org",34.368120,-89.528120,"Illinois Central Gulf Railroad, Oxford, MS 38655"
"Homeward Bound Pet Rescue (Sardis)","https://www.homewardboundhb.org",34.438120,-89.918120,"101-159 Rainwater St, Sardis, MS 38666"
"Desoto County Animal Services (Hernando)","https://www.desotocountyms.gov/149/Animal-Services",34.828120,-89.988120,"2125-2199 Pleasant Bend Dr, Hernando, MS 38632"
"Tupelo Lee Humane Society","https://www.tupeloleehumanesociety.org",34.212042,-88.720526,"2400 S Gloster St, Tupelo, MS 38801"
"Meridian Area Humane Society","https://www.meridianareahumanesociety.org",32.368120,-88.708120,"1101 29th Ave, Meridian, MS 39301"
"Natchez Adams County Humane Society","https://www.nachs.org",31.558120,-91.388120,"100-122 Lumber St, Natchez, MS 39120"
"Vicksburg Warren Humane Society","https://www.vicksburgwarrenhumanesociety.org",32.318120,-90.888120,"571 N Frontage Rd, Vicksburg, MS 39180"
"Starkville Civil Humane Society","https://starkvillehumanesociety.org",33.458120,-88.818120,"115 W Gillespie St, Starkville, MS 39759"
"Greenville Animal Shelter","https://www.greenvillems.org/animal-shelter/",33.408120,-91.048120,"235 Railroad Ave, Greenville, MS 38701"
"Michigan Humane - Detroit Campus","https://www.michiganhumane.org",42.378120,-83.078120,"1 E Philadelphia St, Detroit, MI 48202"
"Michigan Humane - Westland Campus","https://www.michiganhumane.org",42.328120,-83.368120,"33192 Beechwood Ave, Westland, MI 48185"
"Michigan Humane - Rochester Hills Campus","https://www.michiganhumane.org",42.688120,-83.138120,"326 Drace St, Rochester, MI 48307"
"Detroit Animal Care and Control","N/A",42.376131,-83.062070,"7401 Chrysler Dr, Detroit, MI 48211"
"Humane Society of Huron Valley (Ann Arbor)","https://www.hshv.org",42.306088,-83.654808,"3100 Cherry Hill Rd, Ann Arbor, MI 48105"
"Kent County Animal Shelter (Grand Rapids)","N/A",42.977089,-85.630737,"711 Ball Ave NE, Grand Rapids, MI 49503"
"Humane Society of West Michigan (Grand Rapids)","https://www.hswestmi.org",42.958120,-85.738120,"327 Collindale Ave SW, Grand Rapids, MI 49534"
"Ingham County Animal Control & Shelter (Mason)","https://ac.ingham.org",42.578120,-84.448120,"502 S Lansing St, Mason, MI 48854"
"Genesee County Animal Control (Flint)","N/A",43.043549,-83.766238,"4351 W Pasadena Ave, Flint, MI 48504"
"Kalamazoo County Animal Services & Enforcement","N/A",42.277988,-85.549182,"1316 Lamont Ave, Kalamazoo, MI 49048"
"Heart of the Lakes Humane Society (Gaylord)","https://www.otsegohumanesociety.org",45.028120,-84.678120,"400 W Main St, Gaylord, MI 49735"
"Indianapolis Animal Care Services","https://www.indy.gov/agency/indianapolis-animal-care-services",39.729822,-86.187841,"2600 S Harding St, Indianapolis, IN 46221"
"Humane Society for Hamilton County (Fishers)","https://www.hamiltonhumane.com",39.937958,-85.966411,"11256 Treyburn Dr, Fishers, IN 46037"
"Indy Humane (Indianapolis)","https://indyhumane.org",39.899507,-86.216373,"7929 Michigan Rd, Indianapolis, IN 46268"
"Fort Wayne Animal Care & Control","N/A",41.102583,-85.191694,"3020 Hillegas Rd, Fort Wayne, IN 46808"
"Humane Indiana (Munster)","https://humaneindiana.org",41.543597,-87.517333,"421 45th St, Munster, IN 46321"
"South Bend Animal Care & Control","https://southbendin.gov/department/animal-care-control/",41.678120,-86.238120,"905 E Colfax Ave, South Bend, IN 46617"
"Humane Society of St. Joseph County (Mishawaka)","https://humanesocietystjc.org",41.668120,-86.158120,"1336 Prospect Dr, Mishawaka, IN 46544"
"Monroe County Humane Association (Bloomington)","https://www.monroehumane.org",39.157132,-86.609702,"791 S Fieldstone Blvd, Bloomington, IN 47403"
"City of Bloomington Animal Care & Control","https://bloomington.in.gov/animal-shelter",39.158120,-86.518120,"1225 E Maxwell Ln, Bloomington, IN 47401"
"Vanderburgh Humane Society (Evansville)","https://www.vhslifesaver.org",37.992576,-87.570092,"400 Millner Industrial Dr, Evansville, IN 47710"
"Terre Haute Humane Society","https://www.thhs.org",39.453884,-87.360691,"1811 S Fruitridge Ave, Terre Haute, IN 47803"
"Lafayette Humane Society / Almost Home Humane Society","https://www.almosthomehumane.org",40.408120,-86.888120,"904 Highland Ave, Lafayette, IN 47905"
"Muncie Animal Care & Services","https://www.muncie.in.gov/department/?fR%5Bid%5D%5B0%5D=14",40.173836,-85.394118,"2401 S Gharkey St, Muncie, IN 47302"
"Bartholomew County Humane Society (Columbus)","https://www.bartholomewhumane.org",39.173367,-85.873698,"4110 E 200 S, Columbus, IN 47201"
"Greater Birmingham Humane Society","https://gbhs.org",33.442925,-86.837268,"300 Snow Dr, Birmingham, AL 35209"
"City of Birmingham Animal Control & Care","N/A",33.518120,-86.788120,"3100-3142 2nd Ave S, Birmingham, AL 35233"
"Mobile SPCA","https://www.mobilespca.org",30.698120,-88.088120,"2121 Bragg Ave, Mobile, AL 36617"
"Huntsville Animal Services","N/A",34.698120,-86.618120,"3607 Drake Ave SW, Huntsville, AL 35805"
"Tuscaloosa Metro Animal Shelter","https://www.metroanimalshelter.org",33.208120,-87.528120,"640 Johnny Stallings Dr, Tuscaloosa, AL 35401"
"Lee County Humane Society (Auburn)","https://www.leecountyhumane.org",32.618120,-85.488120,"355 Cary Dr, Auburn, AL 36830"
"Decatur Animal Services","https://cityofdecaturalabama.com/departments/animal-services/",34.561728,-86.985789,"300 Beltline Rd SW, Decatur, AL 35601"
"Calhoun County Humane Society (Anniston)","https://www.calhounhumane.com",33.658120,-85.838120,"618-722 W 11th St, Anniston, AL 36201"
"Shelby County Humane Society (Columbiana)","https://www.shelbyhumane.org",33.178120,-86.608120,"2-34 Mill Ln, Columbiana, AL 35051"
"Baldwin Humane Society (Fairhope)","https://www.baldwinhumane.org",30.528120,-87.888120,"209 Westley Ct, Fairhope, AL 36532"
"Dothan Animal Shelter / City of Dothan","https://www.dothan.org/160/Animal-Services",31.228120,-85.398120,"300 N Bell St, Dothan, AL 36303"
"Florence Lauderdale Animal Services (Florence)","https://www.florenceal.org/residents/animal_services/index.php",34.865517,-87.667359,"3240 Roberson Rd, Florence, AL 35630"
"Franklin County Dog Shelter & Adoption Center (Columbus)","N/A",39.928120,-82.938120,"1937-1953 Alum Creek Dr, Columbus, OH 43207"
"Columbus Humane","https://www.columbushumane.org",40.068120,-83.128120,"5581-5699 Lincoln Center Blvd, Dublin, OH 43016"
"Cleveland Animal Protective League (APL)","https://clevelandapl.org",41.479458,-81.696911,"1729 Willey Ave, Cleveland, OH 44113"
"City of Cleveland Animal Care and Control","https://www.clevelandohio.gov/city-hall/departments/public-safety/divisions/animal-care-control",41.478120,-81.668120,"2981-2987 Independence Rd, Cleveland, OH 44115"
"Cincinnati Animal CARE (Hamilton County Shelter)","https://cincinnatanimalcare.org",39.158404,-84.545281,"3949 Colerain Ave, Cincinnati, OH 45223"
"SPCA Cincinnati","https://www.spcacincinnati.org",39.286057,-84.359128,"11900 Conrey Rd, Cincinnati, OH 45249"
"Lucas County Canine Care & Control (Toledo)","https://lucascountydogs.com",41.658120,-83.548120,"254-314 20th St, Toledo, OH 43604"
"Humane Society of Greater Dayton","https://hsdayton.org",39.732863,-84.225137,"1661 Nicholas Rd, Dayton, OH 45417"
"Montgomery County Animal Resource Center (Dayton)","https://mcanimals.mcohio.org",39.841051,-84.181621,"6790 Webster St, Dayton, OH 45414"
"Humane Society of Summit County (Twinsburg)","https://www.summitcomets.org",41.318120,-81.448120,"10225 Ravenna Rd, Twinsburg, OH 44087"
"Stark County Humane Society (Canton)","https://www.starkhumane.org",40.828120,-81.338120,"2436 Regent Ave NE, Canton, OH 44705"
"Mahoning County Dog Pound & Adoption Center (Youngstown)","https://www.mahoningcountyoh.gov/208/Dog-Pound",41.018120,-80.728120,"6739 Langston Run, Canfield, OH 44406"
"Atlanta Humane Society - West Midtown Campus","https://atlantahumane.org",33.781240,-84.418120,"936-938 Joseph E Lowery Blvd NW, Atlanta, GA 30318"
"Fulton County Animal Services (Atlanta)","https://fultonanimalservices.com",33.778120,-84.448120,"14-56 Edwin Pl NW, Atlanta, GA 30318"
"DeKalb County Animal Services (Chamblee)","https://dekalbanimalservices.com",33.891268,-84.293447,"3280 Chamblee Dunwoody Rd, Atlanta, GA 30341"
"LifeLine Animal Project at Community Animal Center (Avondale Estates)","https://lifelineanimal.org",33.771240,-84.268120,"7 Kingstone Rd, Avondale Estates, GA 30002"
"Gwinnett County Animal Welfare & Enforcement (Lawrenceville)","N/A",33.958120,-84.018120,"Lawrenceville Suwanee Rd, Lawrenceville, GA 30046"
"Cobb County Animal Services (Marietta)","https://www.cobbcounty.org/public-safety/animal-services",33.903873,-84.585782,"1060 Al Bishop Dr SW, Marietta, GA 30008"
"Humane Society of Northeast Georgia (Gainesville)","https://humanesocietyofnega.org",34.290220,-83.809046,"845 W Ridge Rd, Gainesville, GA 30501"
"Savannah Humane Society / Humane Society of Greater Savannah","https://www.humanesocietysav.org",31.998120,-81.128120,"8755-8775 Abercorn St, Savannah, GA 31406"
"Augusta Animal Services","https://www.augustaga.gov/228/Animal-Services",33.448120,-82.018120,"2242 Darlington Dr, Augusta, GA 30904"
"Columbus Animal Care & Control","N/A",32.458120,-84.958120,"2307 Heard St, Columbus, GA 31906"
"PAWS Atlanta (Decatur)","https://www.pawsatlanta.org",33.731424,-84.198765,"5287 Covington Hwy, Decatur, GA 30035"
"Athens-Clarke County Animal Services","https://www.accgov.com/132/Animal-Services",33.952245,-83.314646,"125 Buddy Christian Way, Athens, GA 30605"
"Humane Society of South Georgia (Albany)","https://www.whsga.org",31.568120,-84.188120,"1503 W Gordon Ave, Albany, GA 31707"
"Miami-Dade Animal Services (Doral)","https://www.miamidade.gov/global/animals/home.page",25.808120,-80.358120,"10009 Costa del Sol Blvd, Doral, FL 33178"
"Humane Society of Greater Miami (North Miami Beach)","https://www.humanesocietymiami.org",25.924665,-80.155259,"16101 W Dixie Hwy, Miami, FL 33162"
"Humane Society of Broward County (Fort Lauderdale)","https://humanebroward.com",26.063873,-80.167947,"2070 Griffin Rd, Fort Lauderdale, FL 33312"
"Peggy Adams Animal Rescue League (West Palm Beach)","N/A",26.722581,-80.109467,"3200 N Military Trl, West Palm Beach, FL 33409"
"Orange County Animal Services (Orlando)","https://www.orangecountyfl.net/AnimalsPets.aspx",28.490091,-81.426853,"2769 Conroy Rd, Orlando, FL 32839"
"Pet Alliance of Greater Orlando","https://petallianceorlando.org",28.538794,-81.381034,"333 S Garland Ave, Orlando, FL 32801"
"Tampa Bay Humane Society","https://humanesocietytampa.org",27.968120,-82.478120,"1706-1710 W Aileen St, Tampa, FL 33607"
"Hillsborough County Regional Animal Shelter (Tampa)","https://www.hillsboroughcounty.org/en/residents/animals-and-pets",27.918120,-82.358120,"3504 Osprey Cove Dr, Riverview, FL 33578"
"Jacksonville Animal Care and Protective Services (ACPS)","https://www.jacksonville.gov/departments/neighborhoods/animal-care-protective-services",30.338120,-81.678120,"827 Barnett St, Jacksonville, FL 32209"
"Jacksonville Humane Society","https://jaxhumane.org",30.286815,-81.571648,"8464 Beach Blvd, Jacksonville, FL 32216"
"Pinellas County Animal Services (Largo)","https://pinellas.gov/departments/animal-services/",27.887761,-82.809993,"12450 Ulmerton Rd, Largo, FL 33778"
"Tallahassee Animal Services / Animal Shelter","https://www.talgov.com/animals/animalservices",30.428120,-84.288120,"Orr Dr, Tallahassee, FL 32307"
"Richmond Animal Care and Control","https://www.rva.gov/animal-care-control",37.568120,-77.478120,"1111 N Thompson St, Richmond, VA 23230"
"Richmond SPCA","https://richmondspca.org",37.566443,-77.460170,"2519 Hermitage Rd, Richmond, VA 23220"
"Fairfax County Animal Shelter - Michael R. Frey Campus (Fairfax)","https://www.fairfaxcounty.gov/animalshelter/",38.858120,-77.358120,"11950 Grand Commons Ave, Fairfax, VA 22030"
"Fairfax County Animal Shelter - Lorton Campus","https://www.fairfaxcounty.gov/animalshelter/",38.708120,-77.228120,"9207 Lorton Valley Rd, Lorton, VA 22079"
"Virginia Beach Animal Care and Adoption Center","https://vbacac.com",36.830344,-75.998378,"341 S Birdneck Rd, Virginia Beach, VA 23451"
"Portsmouth Humane Society","https://portsmouthhumanesociety.org",36.798460,-76.385717,"4022 Seaboard Ct, Portsmouth, VA 23701"
"Loudoun County Animal Services (Leesburg)","https://www.loudoun.gov/animals",39.078430,-77.540846,"42225 Adoption Dr, Leesburg, VA 20175"
"Prince William County Animal Shelter (Manassas)","N/A",38.634774,-77.430735,"14807 Bristow Rd, Manassas, VA 20112"
"Roanoke Valley SPCA (Roanoke)","https://rvspca.org",37.282493,-79.914845,"1340 Baldwin Ave NE, Roanoke, VA 24012"
"Regional Center for Animal Care and Protection (Roanoke)","https://rcacp.org",37.298120,-79.928120,"2510 Ridgefield St NE, Roanoke, VA 24012"
"Charlottesville-Albemarle SPCA","https://caspca.org",38.092744,-78.473969,"3355 Berkmar Dr, Charlottesville, VA 22901"
"Chesapeake Animal Services","N/A",36.780168,-76.261421,"2100 S Military Hwy, Chesapeake, VA 23320"
"Hampton Animal Response Team / Shelter","N/A",37.038120,-76.388120,"1916-1998 Commerce Dr, Hampton, VA 23666"
"Kanawha-Charleston Humane Association (Charleston)","https://www.adoptkcha.org",38.378120,-81.658120,"1801-1843 Chandler Dr, Charleston, WV 25387"
"Monongalia County Humane Society / Animal Shelter (Morgantown)","https://www.moncountyhumane.org",39.638120,-79.958120,"226-236 Beechurst Ave, Morgantown, WV 26505"
"Monongalia County Canine Adoption Center (Morgantown)","N/A",39.624661,-79.972319,"106 Lockside Rd, Morgantown, WV 26501"
"Berkeley County Animal Control & Shelter (Martinsburg)","https://www.berkeleycounty-wv.gov/150/Animal-Control",39.447615,-77.966379,"700 S Queen St, Martinsburg, WV 25401"
"Huntington Cabell Wayne Animal Shelter (Huntington)","https://www.hcwas.org",38.418120,-82.428120,"1656 8th Ave, Huntington, WV 25703"
"Marion County Humane Society (Fairmont)","https://mchswv.com",39.488120,-80.148120,"600-698 Willow Ave, Fairmont, WV 26554"
"Ohio County Animal Shelter (Wheeling)","N/A",40.068120,-80.688120,"235 Jefferson Ave, Wheeling, WV 26003"
"Humane Society of Parkersburg","https://www.hsop.org",39.289964,-81.553216,"501 29th St, Parkersburg, WV 26101"
"Raleigh County Animal Rescue / Shelter (Beckley)","https://www.raleighcounty.org/animal-shelter",37.788120,-81.188120,"3351 Robert C Byrd Dr, Beckley, WV 25801"
"Mercer County Animal Shelter (Bluefield)","N/A",37.268120,-81.228120,"26-298 Bluefield Ave, Bluefield, WV 24701"
"Harrison County Animal Control (Clarksburg)","N/A",39.278120,-80.348120,"447 S Chestnut St, Clarksburg, WV 26301"
"Jefferson County Animal Control (Charles Town)","N/A",39.288120,-77.858120,"212 S Samuel St, Charles Town, WV 25414"
"CMPD Animal Care & Control (Charlotte)","N/A",35.248120,-80.888120,"3666-3798 Hashem Dr, Charlotte, NC 28208"
"Humane Society of Charlotte","https://humanesocietyofcharlotte.org",35.220292,-80.879583,"1348 Parker Dr, Charlotte, NC 28208"
"Wake County Animal Center (Raleigh)","https://www.wake.gov/departments-government/animal-services",35.791821,-78.571814,"820 Beacon Lake Dr, Raleigh, NC 27610"
"SPCA of Wake County (Raleigh)","https://spcawake.org",35.738120,-78.688120,"2809 Bethune Dr, Raleigh, NC 27603"
"Guilford County Animal Services (Greensboro)","https://www.guilfordcountync.gov/our-county/animal-services",36.052973,-79.907208,"4525 W Wendover Ave, Greensboro, NC 27409"
"Asheville Humane Society / Buncombe County Animal Shelter","https://www.ashevillehumane.org",35.568120,-82.588120,"21 Brotherton Ave, Asheville, NC 28806"
"Cumberland County Animal Services (Fayetteville)","https://www.cumberlandcountync.gov/departments/animal-services-group/animal-services",35.048120,-78.888120,"382-512 Blount St, Fayetteville, NC 28301"
"Durham County Animal Services","N/A",36.026663,-78.855501,"3005 Glenn Rd, Durham, NC 27704"
"Onslow County Animal Services (Jacksonville)","N/A",34.742859,-77.447281,"244 Georgetown Rd, Jacksonville, NC 28540"
"Gaston County Animal Care & Enforcement (Dallas)","N/A",35.318120,-81.188120,"Exit 12, Dallas, NC 28034"
"Johnston County Animal Services (Smithfield)","https://www.johnstonnc.com/animalservices/",35.508120,-78.338120,"100 E Market St, Smithfield, NC 27577"
"Union County Animal Services (Monroe)","N/A",34.980270,-80.466200,"3340 Presson Rd, Monroe, NC 28112"
"Wayne County Animal Services (Goldsboro)","N/A",35.396813,-77.978279,"1600 Clingman St, Goldsboro, NC 27534"
"Charleston Animal Society","https://charlestonanimalsociety.org",32.888120,-79.988120,"5038 Ashby Ave, North Charleston, SC 29405"
"Greenville County Animal Care","N/A",34.883960,-82.401261,"328 Furman Hall Rd, Greenville, SC 29609"
"Humane Society of Huron Valley / Greenville Humane Society","https://www.greenvillehumane.com",34.828120,-82.388120,"309 E Faris Rd, Greenville, SC 29605"
"City of Columbia Animal Services","https://animalservices.columbiasc.gov",33.950413,-80.978228,"127 Humane Ln, Columbia, SC 29209"
"Pawleys Island Community / Saint Frances Humane Society (Georgetown)","https://www.stfrancesanimalcenter.org",33.368120,-79.288120,"1-89 Wood St, Georgetown, SC 29440"
"Horry County Animal Care Center (Conway)","https://www.horrycountysc.gov/departments/animal-care-center/",33.838120,-79.058120,"800-802 Smith St, Conway, SC 29526"
"Grand Strand Humane Society (Myrtle Beach)","https://www.grandstrandhumanesociety.com",33.722009,-78.903700,"3241 10th Avenue Ext N, Myrtle Beach, SC 29577"
"Spartanburg Humane Society","https://spartanburghumane.org",34.975221,-81.963317,"150 Dexter Rd, Spartanburg, SC 29303"
"Aiken County Animal Shelter","N/A",33.548120,-81.718120,"557 Sumter St SE, Aiken, SC 29801"
"SPCA Albrecht Center for Animal Welfare (Aiken)","https://www.letssavealife.org",33.563821,-81.696117,"199 Willow Run Rd, Aiken, SC 29801"
"Beaufort County Animal Services","https://www.beaufortcountysc.gov/animal-services/",32.438120,-80.688120,"Marsh Rd, Beaufort, SC 29902"
"Anderson County Animal Shelter","N/A",34.508120,-82.648120,"216 E Calhoun St, Anderson, SC 29621"
"Dorchester County Animal Control / Shelter (Summerville)","N/A",33.026205,-80.171733,"500 N Main St, Summerville, SC 29483"
"Pickens County Humane Society (Liberty)","https://www.pchshappytails.org",34.769885,-82.685435,"500 Five Forks Rd, Liberty, SC 29657"
"BARCS - Baltimore Animal Rescue and Care Shelter","https://www.barcs.org",39.248120,-76.628120,"2721 Round Rd, Brooklyn, MD 21225"
"Humane Rescue Alliance - Oglethorpe St (Washington, DC)","https://www.humanerescuealliance.org",38.961305,-77.008557,"71 Oglethorpe St NW, Washington, DC 20011"
"Humane Rescue Alliance - New York Ave (Washington, DC)","https://www.humanerescuealliance.org",38.913594,-76.990296,"1201 New York Ave NE, Washington, DC 20002"
"Montgomery County Animal Services and Adoption Center (Derwood)","https://www.montgomerycountymd.gov/animalservices/",39.138120,-77.168120,"307-337 Ridge Rd, Derwood, MD 20855"
"Prince George's County Animal Services Facility (Upper Marlboro)","N/A",38.818120,-76.748120,"14815-14899 Main St, Upper Marlboro, MD 20772"
"Anne Arundel County Animal Care & Control (Millersville)","N/A",39.058120,-76.628120,"Coleus Dr, Millersville, MD 21108"
"Baltimore County Animal Services (Baldwin)","N/A",39.508120,-76.488120,"5406 Sweet Air Rd, Baldwin, MD 21013"
"Frederick County Animal Control & Pet Adoption Center","N/A",39.428120,-77.408120,"1011 N Market St, Frederick, MD 21701"
"SPCA of Anne Arundel County (Annapolis)","https://aacspca.org",38.956039,-76.491334,"1815 Bay Ridge Ave, Annapolis, MD 21403"
"Humane Society of Harford County (Fallston)","https://www.harfordshelter.org",39.528120,-76.418120,"2207 Brookhaven Ct, Fallston, MD 21047"
"Howard County Animal Control & Adoption Center (Columbia)","https://www.howardcountymd.gov/animal-control",39.178120,-76.838120,"7043-7075 Deepage Dr, Columbia, MD 21045"
"Tri-County Animal Shelter (Hughesville)","N/A",38.527112,-76.733680,"6707 Animal Shelter Rd, Hughesville, MD 20637"
"Wicomico County Humane Society (Salisbury)","https://www.wicomicohumane.org",38.332481,-75.508280,"5130 Citation Dr, Salisbury, MD 21804"
"ACCT Philly (Animal Care & Control Team)","https://www.acctphilly.org",39.998120,-75.128120,"138 E Allegheny Ave, Philadelphia, PA 19134"
"Pennsylvania SPCA - Main Headquarters (Philadelphia)","https://www.pspca.org",39.998120,-75.148120,"3009 N 11th St, Philadelphia, PA 19133"
"PAWS - Philadelphia Animal Welfare Society (Old City)","https://phillypaws.org",39.951240,-75.148120,"44 N 4th St, Philadelphia, PA 19106"
"Humane Animal Rescue of Pittsburgh - East End","https://humaneanimalrescue.org",40.451007,-80.019870,"1101 Western Ave, Pittsburgh, PA 15233"
"Humane Animal Rescue of Pittsburgh - North Side","https://humaneanimalrescue.org",40.468120,-80.018120,"745 Maginn St, Pittsburgh, PA 15214"
"Animal Friends (Pittsburgh)","https://www.thinkingoutsidethecage.org",40.548120,-80.088120,"300-398 Buckingham Dr, Pittsburgh, PA 15237"
"Humane Pennsylvania - Freedom Center (Reading)","https://humanepa.org",40.358120,-75.928120,"Charles Evans Cemetery, Reading, PA 19601"
"York County SPCA","https://www.ycspca.org",40.018098,-76.745935,"3159 N Susquehanna Trl, York, PA 17406"
"Erie County SPCA / ANNA Shelter (Erie)","https://theannashelter.com",42.118120,-80.088120,"1315-1513 Chestnut St, Erie, PA 16502"
"Lehigh County Humane Society (Allentown)","https://www.lehighcountyhumanesociety.org",40.588120,-75.488120,"1463-1471 Lehigh Pkwy N, Allentown, PA 18103"
"Luzerne County SPCA (Wilkes-Barre)","https://spcaluzernecounty.org",41.268120,-75.868120,"N Cross Valley Expy, Kingston, PA 18704"
"Centre County Humane Society / Centre County PAWS (State College)","https://www.centrecountypaws.org",40.788120,-77.888120,"1500-1598 Water Tower 4 Building, State College, PA 16803"
"Animal Care Centers of NYC - Manhattan Care Center","https://www.nycacc.org",40.792413,-73.939380,"326 E 110th St, New York, NY 10029"
"Animal Care Centers of NYC - Brooklyn Care Center","https://www.nycacc.org",40.663633,-73.876467,"850 Shepherd Ave, Brooklyn, NY 11208"
"Animal Care Centers of NYC - Staten Island Care Center","https://www.nycacc.org",40.527892,-74.237826,"3139 Veterans Rd W, Staten Island, NY 10309"
"Humane Society of New York (Manhattan)","https://humanesocietyny.org",40.760179,-73.963888,"306 E 59th St, New York, NY 10022"
"Bideawee (Manhattan Center)","https://www.bideawee.org",40.741280,-73.972120,"2474-2476 FDR Dr, New York, NY 10010"
"ASPCA Adoption Center (Manhattan)","https://www.aspca.org",40.780195,-73.945622,"424 E 92nd St, New York, NY 10128"
"Erie County SPCA (West Seneca / Buffalo)","https://www.yourspca.org",42.828120,-78.748120,"4 Eastwood Dr, Buffalo, NY 14224"
"Rochester Animal Services","https://www.cityofrochester.gov/petadoption/",43.160669,-77.621802,"184 Verona St, Rochester, NY 14608"
"Central New York SPCA (Syracuse)","https://cnyspca.org",43.088120,-76.188120,"507 Old Liverpool Rd, Liverpool, NY 13088"
"Mohawk Hudson Humane Society (Menands / Albany)","https://mohawkhumane.org",42.688702,-73.723968,"3 Oakland Ave, Albany, NY 12204"
"SPCA Westchester (Briarcliff Manor)","https://spca914.org",41.148120,-73.828120,"1073 Pleasantville Rd, Briarcliff Manor, NY 10510"
"Long Island SPCA / Town of Hempstead Animal Shelter","https://hempsteadny.gov/152/Animal-Shelter",40.658120,-73.558120,"100 Babylon Tpke, Merrick, NY 11566"
"Tompkins County SPCA (Ithaca)","https://www.spcaonline.com",42.458120,-76.468120,"201-299 Warren Rd, Ithaca, NY 14850"
"St. Hubert's Animal Welfare Center (Madison)","https://www.sthuberts.org",40.756180,-74.413850,"22 Prospect St, Madison, NJ 07940"
"Associated Humane Societies / Popcorn Park (Newark)","https://ahscares.org",40.691908,-74.199024,"124 Evergreen Ave, Newark, NJ 07114"
"Monmouth County SPCA (Eatontown)","https://monmouthcountyspca.org",40.281932,-74.039883,"260 Wall St, Eatontown, NJ 07724"
"Liberty Humane Society (Jersey City)","N/A",40.718120,-74.048120,"459 Jersey Ave, Jersey City, NJ 07302"
"Homeward Bound Pet Adoption Center (Camden County / Blackwood)","https://www.homewardboundnj.org",39.781589,-75.074490,"125 County House Rd, Blackwood, NJ 08012"
"Atlantic County Animal Shelter (Pleasantville)","N/A",39.390963,-74.514377,"240 Old Tpke, Pleasantville, NJ 08232"
"Somerset Regional Animal Shelter (Bridgewater)","https://srasnj.org",40.568120,-74.618120,"249-299 Veterans Memorial Dr W, Somerville, NJ 08876"
"Passaic County Animal Shelter / Paterson Animal Control","https://www.patersonnj.gov/department/index.php?structureid=18",40.918120,-74.168120,"Van Houten St, Paterson, NJ 07505"
"Bergen County Animal Shelter and Adoption Center (Teterboro)","https://www.co.bergen.nj.us/animal-shelter-adoption-center",40.858120,-74.068120,"226 State RT 17, Hasbrouck Heights, NJ 07604"
"Mercer County Animal Shelter / SAVE - A Friend to Animals (Skillman)","https://savehomelessanimals.org",40.418120,-74.688120,"Spruce Dr, Skillman, NJ 08558"
"Cumberland County Animal Shelter (Milleville)","N/A",39.408120,-75.028120,"1601 N 10th St, Millville, NJ 08332"
"Gloucester County Animal Shelter (Clayton)","https://www.gloucestercountynj.gov/160/Animal-Shelter",39.676113,-75.100267,"1200 N Delsea Dr, Clayton, NJ 08312"
"Connecticut Humane Society - Newington Headquarters","https://cthumane.org",41.698120,-72.728120,"88 Cedar St, Newington, CT 06111"
"Connecticut Humane Society - Westport Center","https://cthumane.org",41.148120,-73.358120,"23 Evergreen Pkwy, Westport, CT 06880"
"Bridgeport Animal Control & Shelter","https://www.bridgeportct.gov/content/341307/341419/default.aspx",41.198041,-73.190546,"236 Evergreen St, Bridgeport, CT 06606"
"Stamford Animal Control & Care","N/A",41.058120,-73.538120,"440 Bedford St, Stamford, CT 06901"
"Hartford Animal Shelter / Control Unit","N/A",41.768120,-72.678120,"199 Ann Uccello St, Hartford, CT 06103"
"Danbury Animal Control & Adoption Center","N/A",41.398120,-73.458120,"8 Rose St, Danbury, CT 06810"
"Waterbury Animal Control & Shelter","N/A",41.524226,-73.043148,"200 Municipal Rd, Waterbury, CT 06708"
"Meriden Animal Control & Shelter","N/A",41.538120,-72.798120,"69 Miller St, Meriden, CT 06450"
"PAWS - Pet Animal Welfare Society (Norwalk)","https://www.pawsct.org",41.153204,-73.423629,"504 Main Ave, Norwalk, CT 06851"
"ARF - Animal Rescue Foundation (Terryville)","https://www.arfct.org",41.678120,-73.018120,"7 Cedar St, Terryville, CT 06786"
"Dan Cosgrove Animal Shelter (Branford)","https://www.branford-ct.gov/departments/animal-shelter",41.305026,-72.753074,"749 E Main St, Branford, CT 06405"
"Milford Animal Control & Shelter","N/A",41.228120,-73.058120,"125 W River St, Milford, CT 06460"
"Norwich Animal Control & Shelter","https://www.norwichct.org/150/Animal-Control",41.528120,-72.078120,"77 Cedar St, Norwich, CT 06360"
"MSPCA-Angell (Boston Campus)","https://www.mspca.org",42.318120,-71.108120,"44 Boylston St, Jamaica Plain, MA 02130"
"MSPCA Nevins Farm (Methuen)","https://www.mspca.org",42.728120,-71.188120,"3 Hampshire St, Methuen, MA 01844"
"MSPCA Cape Cod (Centerville)","https://www.mspca.org",41.648120,-70.348120,"454 Main St, Centerville, MA 02632"
"City of Boston Animal Care and Control","https://www.boston.gov/departments/animal-care-and-control",42.338120,-71.068120,"114 E Dedham St, Boston, MA 02118"
"ARL Boston - Animal Rescue League of Boston","https://www.arlboston.org",42.346962,-71.069910,"10 Chandler St, Boston, MA 02116"
"ARL Boston - Dedham Animal Care & Adoption Center","https://www.arlboston.org",42.238120,-71.178120,"Providence Hwy, Dedham, MA 02026"
"ARL Boston - Brewster Animal Care & Adoption Center","https://www.arlboston.org",41.758120,-70.088120,"1753 Main St, Brewster, MA 02631"
"Dakin Humane Society (Springfield)","https://www.dakinhumane.org",42.099917,-72.582822,"171 Union St, Springfield, MA 01103"
"Worcester Animal Rescue League","https://worcesterarl.org",42.298120,-71.818120,"19 Holden St, Worcester, MA 01605"
"Northeast Animal Shelter (Salem)","https://www.northeastanimalshelter.org",42.528120,-70.918120,"53 Tracey St, Peabody, MA 01960"
"Lowell Humane Society","https://www.lowellhumanesociety.org",42.641278,-71.337584,"951 Broadway St, Lowell, MA 01854"
"Quincy Animal Shelter","https://www.quincyanimalshelter.org",42.256210,-70.994043,"56 Broad St, Quincy, MA 02169"
"Thomas J. O'Connor Animal Control & Adoption Center (Springfield)","https://www.tjoconnoradoption.org",42.118120,-72.608120,"15 Portland St, Springfield, MA 01107"
"Second Chance Animal Services (East Brookfield)","https://www.secondchanceanimals.org",42.228120,-72.038120,"112 Cove St, East Brookfield, MA 01515"
"Humane Society of Chittenden County (South Burlington)","https://www.hsccvt.org",44.445213,-73.212776,"142 Kindness Ct, South Burlington, VT 05403"
"Rutland County Humane Society (Pittsford)","https://rchsvt.org",43.676331,-73.020850,"765 Stevens Rd, Pittsford, VT 05763"
"Windham County Humane Society (Brattleboro)","https://www.windhamcountyhumane.org",42.885759,-72.589529,"916 W River Rd, Brattleboro, VT 05301"
"Lucy Mackenzie Humane Society (West Windsor)","https://www.lucymac.org",43.468120,-72.488120,"806-1398 Bible Hill Rd, Brownsville, VT 05037"
"Franklin County Animal Rescue (St. Albans)","https://www.franklincountyanimalrescue.org",44.818120,-73.088120,"11-23 Aldis St, Saint Albans, VT 05478"
"North Country Animal League (Morrisville)","https://www.ncalvt.org",44.568120,-72.618120,"265-519 Stagecoach Rd, Morrisville, VT 05661"
"Addison County Humane Society / Homeward Bound (Middlebury)","https://www.homewardboundanimals.org",44.018120,-73.158120,"178 Washington Street Ext, Middlebury, VT 05753"
"Pope Memorial Frontier Animal Society (Derby)","https://www.frontieranimalsociety.com",44.958120,-72.138120,"434-452 Palin Farm Rd, Derby, VT 05829"
"Kingdom Animal Shelter (St. Johnsbury)","https://www.kingdomanimalshelter.com",44.428120,-72.018120,"250 Hastings Hill, Saint Johnsbury, VT 05819"
"Vermont Dog Rescue (Hinesburg)","https://www.vermontdogrescue.com",44.328120,-73.118120,"200-810 Charlotte Rd, Hinesburg, VT 05461"
"Upper Valley Humane Society (Enfield, NH border)","https://uvhs.org",43.628120,-72.188120,"98 Eastman Hill Rd, Lebanon, NH 03766"
"New Hampshire SPCA (Stratham)","https://nhspca.org",43.016614,-70.915120,"104 Portsmouth Ave, Stratham, NH 03885"
"Animal Rescue League of New Hampshire (Bedford)","https://www.rescueleague.org",42.909008,-71.567378,"545 Route 101, Bedford, NH 03110"
"Manchester Animal Shelter","https://www.manchesteranimalshelter.org",43.015655,-71.490187,"490 Dunbarton Rd, Manchester, NH 03102"
"Humane Society for Greater Nashua","https://www.hsfn.org",42.781318,-71.488068,"24 Ferry Rd, Nashua, NH 03064"
"New Hampshire Humane Society (Laconia)","https://nhhumane.org",43.597182,-71.516877,"1305 Meredith Center Rd, Laconia, NH 03246"
"Monadnock Humane Society (Swanzey/Keene)","https://monadnockhumanesociety.org",42.888120,-72.288120,"221 Sawyers Crossing Rd, Swanzey, NH 03446"
"Salem Animal Rescue League","https://www.sarlnh.org",42.788120,-71.228120,"10 Irving St, Salem, NH 03079"
"Upper Valley Humane Society (Enfield)","https://uvhs.org",43.628120,-72.188120,"98 Eastman Hill Rd, Lebanon, NH 03766"
"Conway Area Humane Society","https://www.conwayhumane.org",43.977783,-71.110044,"223 E Main St, Conway, NH 03818"
"Sullivan County Humane Society (Claremont)","https://sullivancountyhumane.org",43.373038,-72.336918,"14 Tremont St, Claremont, NH 03743"
"Franklin Animal Shelter","https://www.franklinanimalshelter.org",43.413610,-71.663532,"71 Punch Brook Rd, Franklin, NH 03235"
"Second Chance Ranch Rescue (New Boston)","https://www.secondchanceranchrescue.com",42.978120,-71.688120,"15 Central School Rd, New Boston, NH 03070"
"Animal Refuge League of Greater Portland (Westbrook)","https://arlgp.org",43.668120,-70.368120,"Red Blossom Rd, Westbrook, ME 04092"
"Greater Androscoggin Humane Society (Lewiston)","https://gahumane.org",44.108120,-70.208120,"17 Mountain Ave, Lewiston, ME 04240"
"Midcoast Humane (Brunswick)","https://midcoasthumane.org",43.908279,-69.999072,"5 Industrial Pkwy, Brunswick, ME 04011"
"Responsible Pet Care of Oxford Hills (Norway)","https://www.responsiblepetcare.org",44.218120,-70.528120,"4 Skillin Ave, Norway, ME 04268"
"Central Maine Humane Society / Waterville Area Humane Society","https://www.anhs.org",44.568120,-69.648120,"27-59 Quarry Rd, Waterville, ME 04901"
"Aroostook Humane Society (Presque Isle)","https://www.aroostookhumanesociety.org",46.688120,-68.018120,"29 Wilson St, Presque Isle, ME 04769"
"Houlton Humane Society","https://www.houltonhumane.org",46.162119,-67.881882,"263 Callaghan Rd, Houlton, ME 04730"
"Paws Animal Adoption Center (Camden)","https://www.pawsadoptionorg.org",44.206870,-69.085729,"123 John St, Camden, ME 04843"
"Somerset Humane Society (Skowhegan)","https://www.shsanimals.org",44.768120,-69.708120,"25 Joyce St, Skowhegan, ME 04976"
"Ark Animal Shelter (Cherryfield)","https://thearkpets.org",44.608120,-67.928120,"1-99 Mill Rd, Cherryfield, ME 04622"
"Anchorage Animal Care and Control","N/A",61.188120,-149.828120,"Providence Dr, Anchorage, AK 99508"
"Alaska SPCA (Anchorage)","https://www.alaskaspca.org",61.185856,-149.923438,"3710 Woodland Dr, Anchorage, AK 99517"
"Fairbanks North Star Borough Animal Shelter","https://www.fnsb.gov/383/Animal-Control",64.848120,-147.728120,"1187 Phillips Field Rd, Fairbanks, AK 99701"
"Mat-Su Borough Animal Care and Regulation (Palmer)","N/A",61.608120,-149.118120,"234 W Beaver Ave, Palmer, AK 99645"
"Ketchikan Humane Society","https://ketchikanhumanesociety.org",55.355754,-131.693757,"3609 Tongass Ave, Ketchikan, AK 99901"
"Kenai Peninsula Animal Shelter / Kenai Animal Control","N/A",60.558120,-151.258120,"400-404 Main Street Loop, Kenai, AK 99611"
"Homer Animal Shelter","https://www.cityofhomer-ak.gov/police/animal-shelter",59.648120,-151.548120,"3992 Bartlett St, Homer, AK 99603"
"Bethel Animal Control & Shelter","N/A",60.798120,-161.758120,"4th Ave, Bethel, AK 99559"
"Valdez Animal Shelter / Control","https://www.valdezak.gov/150/Animal-Control",61.138120,-146.358120,"319 Robe River Dr, Valdez, AK 99686"
"Nome Animal House / Animal Control","N/A",64.508120,-165.408120,"N Star Assoc Access Rd, Nome, AK 99762"
"Alaska Dog & Cat Rescue (Anchorage)","https://www.alaskadogandcatrescue.org",61.218120,-149.908120,"500-598 N St, Anchorage, AK 99501"
"Clear Creek Cat Rescue (Wasilla)","https://clearcreekcatrescue.org",61.588120,-149.448120,"100-298 E Glen Cir, Wasilla, AK 99654"
"Hawaiian Humane Society - Mōʻiliʻili Campus (Honolulu)","https://www.hawaiianhumane.org",21.291240,-157.822120,"913 University Ave, Honolulu, HI 96826"
"Hawaiian Humane Society - Kosasa Family Campus (Ewa Beach)","https://www.hawaiianhumane.org",21.348120,-158.028120,"91-1705 Kikoo St, Ewa Beach, HI 96706"
"PAWS of Hawaii (Oahu / Kailua)","https://www.pawsofhawaii.org",21.398120,-157.748120,"539 Halela St, Kailua, HI 96734"
"Aloha Animal Sanctuary (Kahaluu)","https://www.alohasanctuary.org",21.471018,-157.845679,"47-119 Pulama Rd, Kaneohe, HI 96744"
"Kona Cat Rescue","https://www.konacatrescue.org",19.648120,-155.998120,"Queen Kaahumanu Hwy, Kailua Kona, HI 96740"
"KARES - Kohala Animal Rescue & Education Society (Kamuela)","https://kareshawaii.org",20.028120,-155.668120,"65-1111 Hokuula Rd, Kamuela, HI 96743"
"Adoption Center at Petco - Windward Mall (Kaneohe)","https://www.hawaiianhumane.org",21.418120,-157.808120,"46-0202 Haiku Rd, Kaneohe, HI 96744"
"Brandywine Valley SPCA - New Castle Campus","https://bvspca.org",39.659578,-75.570112,"600 South St, New Castle, DE 19720"
"Brandywine Valley SPCA - West Chester/Dover Campus","https://bvspca.org",39.148120,-75.528120,"824 Sunset Ter, Dover, DE 19904"
"Brandywine Valley SPCA - Georgetown Campus","https://bvspca.org",38.665493,-75.381227,"22918 DuPont Blvd, Georgetown, DE 19947"
"Faithful Friends Animal Society (Wilmington)","https://faithfulfriends.us",39.729903,-75.578991,"12 Germay Dr, Wilmington, DE 19804"
"Humane Animal Partners - Wilmington Campus","https://www.humaneanimalpartners.org",39.732414,-75.547003,"701 A St, Wilmington, DE 19801"
"Humane Animal Partners - Stanton Campus","https://www.humaneanimalpartners.org",39.708120,-75.668120,"1033 11th Ave, Wilmington, DE 19808"
"Humane Animal Partners - Rehoboth Beach Campus","https://www.humaneanimalpartners.org",38.718120,-75.108120,"19805 Coastal Hwy, Rehoboth Beach, DE 19971"
"First State Animal Center and SPCA (Camden)","https://www.fsac-spca.org",39.118120,-75.558120,"131 W Camden Wyoming Ave, Wyoming, DE 19934"
"Delaware Animal Services (Statewide Dispatch/OAW)","https://animalservices.delaware.gov",39.158120,-75.528120,"149 S New St, Dover, DE 19904"
"Whimsical Animal Rescue / CARA (Seaford)","https://www.carade.org",38.648120,-75.618120,"24 N Pine Street Ext, Seaford, DE 19973"
"Delaware Humane Association (Wilmington)","https://www.humaneanimalpartners.org",39.748120,-75.548120,"1200-1266 Chippey St, Wilmington, DE 19801"
"Forgotten Cats (Wilmington Clinic)","https://forgottencats.org",39.738120,-75.558120,"100 Justison St, Wilmington, DE 19801"
"Paws for Life DE (Middletown)","https://pawsforlife.org",39.448120,-75.718120,"18 W Green St, Middletown, DE 19709"
"Grass Roots Rescue (Milton)","https://www.grrde.org",38.778120,-75.318120,"207 Lavinia St, Milton, DE 19968"
"Animal Rescue Rhode Island (Peace Dale)","https://www.animalrescueri.org",41.448120,-71.498120,"2-38 Railroad St, Wakefield, RI 02879"
"Providence Animal Control & Care Center","https://www.providenceri.gov/animal-control/",41.818120,-71.428120,"200-278 Carpenter St, Providence, RI 02909"
"Potter League for Animals (Middletown)","https://potterleague.org",41.528120,-71.288120,"12 Bloom Ct, Middletown, RI 02842"
"Heart of Rhode Island Animal Rescue (Cranston)","https://www.heartofri.org",41.768120,-71.468120,"107 Church Hill Dr, Cranston, RI 02920"
"Cranston Animal Shelter","N/A",41.759461,-71.485514,"920 Phenix Ave, Cranston, RI 02921"
"East Providence Animal Shelter","https://www.eastprovidenceri.gov/departments/police/animal-control",41.818120,-71.358120,"37 Raymond St, East Providence, RI 02914"
"North Kingstown Animal Shelter","https://www.northkingstownri.gov/150/Animal-Control",41.558120,-71.468120,"177 Georgia Ave, North Kingstown, RI 02852"
"South Kingstown Animal Shelter (Wakefield)","https://www.southkingstownri.com/150/Animal-Control",41.456034,-71.514490,"132 Asa Pond Rd, Wakefield, RI 02879"
"Pawtucket Animal Shelter","N/A",41.878120,-71.388120,"2 Bayley St, Pawtucket, RI 02860"
"Woonsocket Animal Shelter","N/A",42.008120,-71.518120,"37 Woodland Rd, Woonsocket, RI 02895"
"Cumberland Animal Shelter","N/A",41.928120,-71.438120,"91-91 Old River Rd, Lincoln, RI 02865"
"Stand Up For Animals (Westerly)","https://www.standupforanimals.org",41.378120,-71.828120,"44 Grove Ave, Westerly, RI 02891"
"Scituate Animal Shelter (North Scituate)","https://www.scituateri.org/animal-control",41.838120,-71.588120,"141-147 Hartford Pike, North Scituate, RI 02857"
"Little Rock Animal Village (City Animal Services)","https://littlerock.gov/residents/animal-services/",34.712111,-92.345817,"4500 Kramer St, Little Rock, AR 72204"
"Humane Society of Pulaski County (Little Rock)","https://warmhearts.org",34.711636,-92.440065,"14600 Colonel Glenn Rd, Little Rock, AR 72210"
"East Baton Rouge Animal Control & Rescue Center","https://www.brla.gov/148/Animal-Control-Rescue-Center",30.543868,-91.144632,"2650 Progress Rd, Baton Rouge, LA 70807"
"Caddo Parish Animal Services (Shreveport)","https://www.caddo.org/218/Animal-Services",32.525537,-93.769916,"1500 Monty St, Shreveport, LA 71107"
"Jefferson Parish Animal Shelter - Westbank (Gretna)","N/A",29.871122,-90.066874,"2701 Lapalco Blvd, Harvey, LA 70058"
"Terrebonne Parish Animal Shelter (Houma)","N/A",29.688234,-90.784103,"100 Government St, Gray, LA 70359"
"Wisconsin Humane Society - Green Bay Campus","N/A",44.521107,-87.975858,"1830 Radisson St, Green Bay, WI 54302"
"Wisconsin Humane Society - Ozaukee Campus (Grafton)","N/A",43.385214,-87.954509,"630 W Dekora St, Saukville, WI 53080"
"Dane County Humane Society (Madison)","https://www.giveshelter.org",43.043112,-89.292511,"5132 Voges Rd, Madison, WI 53718"
"Humane Society of Marathon County (Wausau)","https://catsanddogs.org",44.949739,-89.722891,"7001 Packer Dr, Wausau, WI 54401"
"Oshkosh Area Humane Society","https://www.oahs.org",44.041711,-88.530257,"1925 Shelter Ct, Oshkosh, WI 54901"
"Fox Valley Humane Association (Appleton)","https://www.foxvalleypets.org",44.244893,-88.507695,"N115 Two Mile Rd, Appleton, WI 54914"
"Kenosha County Humane Society / Safe Harbor Humane Society","https://www.safeharborhumane.com",42.561267,-87.879857,"7811 60th Ave, Kenosha, WI 53142"
"Winnebago County Animal Services (Rockford)","https://www.winnebagocountyanimals.org",42.324967,-89.076360,"4517 N Main St, Rockford, IL 61103"
"Memphis Animal Services","N/A",35.189842,-89.816279,"2350 Appling City Cove, Memphis, TN 38133"
"Humane Society of Memphis & Shelby County","https://memphishumane.org",35.151182,-89.848078,"935 Farm Rd, Memphis, TN 38134"
"Montgomery County Animal Care & Control (Clarksville)","https://montgomerytn.gov/animal-control",36.581749,-87.422979,"437 Jordan Rd, Clarksville, TN 37042"
"Petworks Animal Services (Kingsport)","https://www.petworkstn.com",36.559916,-82.470242,"3101 E Stone Dr, Kingsport, TN 37660"
"Mississippi SPCA (Jackson)","https://www.msspca.org",32.288967,-90.282276,"5221 Greenway Dr, Jackson, MS 39204"
"CARA - Community Animal Rescue & Adoption (Jackson)","https://carams.org",32.358921,-90.264921,"960 N Flag Chapel Rd, Jackson, MS 39213"
"Humane Society of South Mississippi (Gulfport)","https://hssm.org",30.382123,-89.093824,"2615 25th Ave, Gulfport, MS 39501"
"Capital Area Humane Society (Lansing)","https://www.cahs-lansing.org",42.783175,-84.664022,"7095 W Grand River Ave, Lansing, MI 48906"
"Saginaw County Animal Care & Control","https://www.saginawcounty.com/departments/animal-care-control/",43.415385,-83.980007,"1312 Gratiot Ave, Saginaw, MI 48602"
"Bay County Animal Services & Adoption Center","https://www.baycounty-mi.gov/AnimalControl/",43.599668,-83.857127,"800 Livingston St, Bay City, MI 48708"
"Upper Peninsula Animal Welfare Shelter (UPAWS - Gwinn)","https://upaws.org",46.440759,-87.421957,"815 S State Highway M553, Gwinn, MI 49841"
"Elkhart County HOPE Rescue / Humane Society of Elkhart County","https://elkharthumanesociety.org",41.701145,-85.871969,"54687 County Road 19, Elkhart, IN 46516"
"Mobile County Animal Shelter","https://www.mobilecountyal.gov/government/departments/animal-shelter/",30.715594,-88.221836,"7665 Howells Ferry Rd, Mobile, AL 36608"
"Ark Inc. Shelter (Huntsville)","https://www.arkinc.org",34.775606,-86.664545,"139 Bo Cole Rd NW, Huntsville, AL 35806"
"Montgomery Humane Society","https://montgomeryhumane.com",32.413077,-86.249403,"1150 John Overton Dr, Montgomery, AL 36110"
"Cuyahoga County Animal Shelter (Valley View)","N/A",41.395845,-81.619563,"9500 Sweet Valley Dr, Cleveland, OH 44125"
"Toledo Humane Society","https://toledohumane.org",41.571227,-83.677793,"827 Illinois Ave, Maumee, OH 43537"
"Summit County Animal Control (Akron)","N/A",41.072673,-81.533083,"250 Opportunity Pkwy, Akron, OH 44307"
"Chatham County Animal Services (Savannah)","https://animalservices.chathamcountyga.gov",32.002601,-81.091956,"7211 Sallie Mood Dr, Savannah, GA 31406"
"Macon-Bibb County Animal Welfare","https://www.maconbibb.us/animal-welfare/",32.788071,-83.755563,"4214 Fulton Mill Rd, Macon, GA 31216"
"Broward County Animal Care and Adoption (Fort Lauderdale)","https://www.broward.org/Animal",26.069437,-80.172651,"2400 SW 42nd St, Fort Lauderdale, FL 33312"
"Humane Society of Pinellas (Clearwater)","https://www.humanesocietyofpinellas.org",27.983879,-82.710937,"3040 State Road 590, Clearwater, FL 33759"
"Lee County Domestic Animal Services (Fort Myers)","https://www.leegov.com/animalservices",26.530073,-81.861392,"5600 Banner Dr, Fort Myers, FL 33912"
"Norfolk Animal Care and Adoption Center","N/A",36.860422,-76.215518,"5585 Sabre Rd, Norfolk, VA 23502"
"Peninsula SPCA (Newport News)","https://peninsulaspca.org",37.072535,-76.479294,"523 J Clyde Morris Blvd, Newport News, VA 23606"
"Humane Society of Washington County / Eastern Panhandle Shelter","https://www.hswcmd.org",39.670716,-77.736604,"13011 Maugansville Rd, Hagerstown, MD 21740"
"Little Victories Animal Rescue (Ona)","https://www.littlevictories.org",38.413249,-82.183265,"1168 Wire Branch Rd, Ona, WV 25545"
"Greenbrier Humane Society (Lewisburg)","https://www.greenbrierhumanesociety.org",37.804118,-80.461311,"151 Holliday Ln, Lewisburg, WV 24901"
"Forsyth County Animal Shelter (Winston-Salem)","N/A",36.171791,-80.280701,"5570 Sturmer Park Cir, Winston-Salem, NC 27105"
"New Hanover County Animal Services Unit (Wilmington)","https://www.nhcgov.com/393/Animal-Services",34.262439,-77.926307,"180 Division Dr, Wilmington, NC 28401"
"Palmetto Animal League (Okatie/Hilton Head)","https://palmettoanimalleague.org",32.321170,-80.936740,"56 Riverwalk Blvd, Okatie, SC 29936"
"Humane Society of Washington County (Hagerstown)","https://www.hswcmd.org",39.670527,-77.736826,"13011 Maugansville Rd, Hagerstown, MD 21740"
"Talbot Humane (Easton)","https://www.talbothumane.org",38.765926,-76.061135,"7894 Ocean Gateway, Easton, MD 21601"
"Humane League of Lancaster County","https://humanepa.org",40.028841,-76.223551,"2195 Lincoln Hwy E, Lancaster, PA 17602"
"Humane Society of Harrisburg Area","https://humanesocietyhbg.org",40.263804,-76.752964,"7790 Grayson Rd, Harrisburg, PA 17111"
"Griffin Pond Animal Shelter (Clarks Summit/Scranton)","https://www.griffinpondanimalshelter.com",41.526046,-75.662950,"967 Griffin Pond Rd, Clarks Summit, PA 18411"
"City of Buffalo Animal Shelter","N/A",42.891670,-78.869118,"380 Oak St, Buffalo, NY 14203"
"Lollypop Farm, Humane Society of Greater Rochester (Fairport)","https://www.lollypop.org",43.060874,-77.398105,"99 Victor Rd, Fairport, NY 14450"
"Burlington County Animal Shelter (Westampton)","https://www.co.burlington.nj.us/168/Animal-Shelter",40.019690,-74.818164,"35 Academy Dr, Westampton, NJ 08060"
"Cape May County Animal Shelter (Cape May Court House)","https://capemaycountynj.gov/150/Animal-Shelter",39.109147,-74.794983,"110 Shelter Rd, Cape May Court House, NJ 08210"
"Ocean County Animal Facility (Jackson)","N/A",40.051056,-74.286541,"615 Freemont Ave, Jackson, NJ 08527"
"Connecticut Humane Society - Waterford District","https://cthumane.org",41.418173,-72.129193,"169 Old Colchester Rd, Quaker Hill, CT 06375"
"City of New Haven Animal Shelter","N/A",41.330828,-72.940027,"81 Fournier St, New Haven, CT 06511"
"Berkshire Humane Society (Pittsfield)","https://berkshirehumane.org",42.438430,-73.277182,"214 Barker Rd, Pittsfield, MA 01201"
"Central Vermont Humane Society (East Montpelier)","https://www.centralvermonthumane.org",44.256695,-72.485248,"1589 VT Route 14 S, East Montpelier, VT 05651"
"Bennington County Humane Society / Second Chance Animal Center (Shaftsbury)","https://www.secondchanceanimalcenter.org",43.025734,-73.186232,"6779 VT Route 7A, Shaftsbury, VT 05262"
"Springfield Humane Society","https://www.spfldhumane.org",43.294474,-72.448289,"401 Skitchewaug Trl, Springfield, VT 05156"
"Potter's Angels Rescue (East Randolph)","https://www.pottersangelsrescue.org",43.973070,-72.557064,"3890 N Randolph Rd, Randolph Center, VT 05061"
"Pope Memorial SPCA of Concord & Merrimack County","https://www.popememorialspca.org",43.177930,-71.571398,"94 Silk Farm Rd, Concord, NH 03301"
"Pope Memorial Humane Society Cocheco Valley (Dover)","https://popememorialcvhs.org",43.220379,-70.934456,"221 County Farm Rd, Dover, NH 03820"
"Lakes Region Humane Society (Ossipee)","https://www.lrhs.org",43.692548,-71.114344,"11 Old Route 28, Ossipee, NH 03864"
"Kennebec Valley Humane Society (Augusta)","https://pethavenlane.org",44.313047,-69.799634,"100 Pet Haven Ln, Augusta, ME 04330"
"Bangor Humane Society","https://www.bangorhumane.org",44.822838,-68.735954,"693 Mount Hope Ave, Bangor, ME 04401"
"Pope Memorial Humane Society (Thomaston)","https://www.popehumane.org",44.088568,-69.142978,"25 Buttermilk Ln, Thomaston, ME 04861"
"Animal Welfare Society (Kennebunk)","https://animalwelfaresociety.org",43.407350,-70.586422,"46 Holland Rd, Kennebunk, ME 04043"
"Franklin County Animal Shelter (Wilton)","https://www.fcanimalshelter.org",44.690535,-70.121676,"550 Industry Rd, Farmington, ME 04938"
"Juneau Animal Rescue","https://www.juneauanimalrescue.org",58.359403,-134.551632,"7705 Glacier Hwy, Juneau, AK 99801"
"Kodiak Humane Society","https://www.kodiakhumanesociety.org",57.807768,-152.369173,"2409 Mill Bay Rd, Kodiak, AK 99615"
"Sitka Animal Shelter","N/A",57.052128,-135.309033,"209 Jarvis St, Sitka, AK 99835"
"Maui Humane Society (Puunene)","https://www.mauihumanesociety.org",20.831765,-156.466744,"1350 Mehameha Loop, Wailuku, HI 96793"
"Hawaii Island Humane Society - Keaau Shelter","https://www.hihs.org",19.604939,-155.026107,"16-873 Keaau Pahoa Hwy, Keaau, HI 96749"
"Hawaii Island Humane Society - Animal Community Center (Kona)","https://www.hihs.org",19.663558,-156.010063,"74-5225 Queen Kaahumanu Hwy, Kailua-Kona, HI 96740"
"Kauai Humane Society (Lihue)","https://kauaihumane.org",21.963415,-159.431676,"3-825 Kaumualii Hwy, Lihue, HI 96766"
"Lanai Cat Sanctuary","https://lanaicatsanctuary.org",20.791056,-156.963640,"1 Kaupili Rd, Lanai City, HI 96763"
"Oahu SPCA (Wahiawa)","https://www.oahuspca.org",21.495917,-158.025160,"823 Olive Ave, Wahiawa, HI 96786"
"Molokai Humane Society (Hoolehua)","https://molokaihumane.org",21.149488,-157.067744,"3104 Mauna Loa Hwy, Ho'olehua, HI 96729"
"Rainbow Friends Animal Sanctuary (Kurtistown)","https://www.rainbowfriends.org",19.603673,-155.071406,"17-382 13 Mile Rd, Kurtistown, HI 96760"
"Delaware SPCA (Newark)","https://www.humaneanimalpartners.org",39.693357,-75.657500,"455 Stanton Christiana Rd, Newark, DE 19713"
"Rhode Island SPCA (Riverside)","https://www.rispca.org",41.801825,-71.350636,"186 Amaral St, Riverside, RI 02915"
"Warwick Animal Shelter","N/A",41.737230,-71.450196,"101 Arthur W Devine Blvd, Warwick, RI 02886"